favorite_count,source,text,in_reply_to_screen_name,is_retweet,created_at,retweet_count,id_str
329,Twitter for iPhone,Jair Bolsonaro √© recebido por multid√£o no aeroporto de Jo√£o Pessoa-PB. https://t.co/OLz5OEQvdb,,False,Thu Nov 19 21:00:58 +0000 2015,128,667447495539212288
385,Twitter Web Client,"BOLSONARO, O ‚ÄòTRUMP‚Äô BRASILEIRO EM 2018: PRECISAMOS D OP√á√ïES FORA DO EIXO PT‚ÄìPSDB E CONTRA O POLITICAMENTE CORRETO. http://t.co/1ZTtndTvFv",,False,Thu Oct 01 14:38:33 +0000 2015,172,649594252629012480
101,Twitter for iPhone,"Para saber mais informa√ß√µes sobre nossa linha de atua√ß√£o, pe√ßo, se poss√≠vel, seguirem @CarlosBolsonaro @bolsonarosp e @FlavioBolsonaro . üáßüá∑",,False,Tue Oct 06 12:20:00 +0000 2015,44,651371327232831488
242,Twitter for iPhone,MOVIMENTO PARLAMENTAR PR√ì-IMPEACHMENT. Segue site c/ peti√ß√£o a ser assinada pelo impeachment. http://t.co/zVG1E3HwmG,,False,Thu Sep 10 18:25:41 +0000 2015,240,642041269338963968
213,Twitter for iPhone,EDUCA√á√ÉO segundo Bolsonaro. http://t.co/jgcHc4Vpw3,,False,Mon Jun 29 15:19:07 +0000 2015,123,615540002932551681
201,Twitter for iPhone,Meu garoto!!! üëç https://t.co/y3QbG48gCM,,False,Fri Aug 07 21:21:49 +0000 2015,81,629764405266382849
113,Twitter for iPhone,RESUMO: Oportunidade de expor alguns pontos q infelizmente √± interessa √† Grande M√≠dia. http://t.co/33HeXMeoB9,,False,Tue Aug 25 00:13:49 +0000 2015,66,635968283997552642
381,Twitter Web Client,"Bolsonaro aciona MP contra Lula pela evidente pr√°tica de crime contra a seguran√ßa nacional, ordem pol√≠tica e social. http://t.co/Fo4B8DdgB2",,False,Mon Mar 02 11:46:58 +0000 2015,436,572362456988831746
566,Twitter for iPhone,"Ex-marido de Dilma explica como mantinha seu relacionamento amoroso: assaltando bancos, roubando caminh√µes e armas. https://t.co/rMJSe8ggXb",,False,Tue Dec 29 14:19:43 +0000 2015,494,681842035268128772
136,Twitter for iPhone,A farsa da 121 mil vidas poupadas gra√ßas ao Estatuto do Desarmamento. (Via @benebarbosa_mvb ) http://t.co/GN4dAL2A1k,,False,Sat May 02 12:10:13 +0000 2015,147,594473966540103680
196,Twitter for iPhone,"A RELA√á√ÉO ENTRE O A√áOUGUE, A PADARIA, O CONGRESSO E A IMPRENSA. https://t.co/o9GhNn2mZc",,False,Tue Nov 03 20:50:23 +0000 2015,111,661646628516995072
200,Twitter for iPhone,"ANCELMO GOIS &amp; MARIA DO ROS√ÅRIO. Sabemos que estamos do lado certo, O DA VERDADE. http://t.co/4DKcc5GZHu",,False,Sun Sep 20 14:06:20 +0000 2015,120,645599880803676161
195,Twitter for iPhone,"SEGURAN√áA P√öBLICA: Sabemos que o governo (PT, PSOL e PCdoB) de tudo far√° para que fracassemos, contudo n√£o desistiremos do que acreditamos!",,False,Sat Mar 07 10:18:14 +0000 2015,153,574152067096403968
76,Twitter for iPhone,Sigam meus garotos no twitter. Em suas esferas legislativas refletindo nossos pensamentos: @CarlosBolsonaro @BolsonaroSP @FlavioBolsonaro,,False,Tue Apr 28 14:57:40 +0000 2015,37,593066555082186754
541,Twitter for iPhone,Em terras cearenses a recep√ß√£o n√£o poderia ser diferente! Gente trabalhadora e bem humarada! #TURNDOWNFORWHAT üòÇüòÇüòÇ http://t.co/7DK3LYjrSZ,,False,Fri Aug 14 16:42:15 +0000 2015,348,632230764227264513
269,Twitter for iPhone,Um General Comandante de Col√©gio Militar sendo Ministro da Educa√ß√£o e o fim da doutrina√ß√£o ideol√≥gica pregada por seguidores d Paulo Freire.,,False,Mon Dec 21 18:33:40 +0000 2015,121,679006837287608320
65,Twitter Web Client,"Com @CarlosBolsonaro e @FlavioBolsonaro , presente na passagem do Comando Militar do Leste.",,False,Mon Mar 30 14:50:13 +0000 2015,23,582555432402726912
114,Twitter Web Client,"T√Å TUDO EM CASA: Mais uma da presidANTA - ""Dilma revela que CHIMPANZ√âS e OROGOTANGOS n√£o s√£o fofoqueiros"". http://t.co/7adEmjJMKf",,False,Wed Aug 26 19:48:35 +0000 2015,68,636626310463377408
640,Twitter for iPhone,"Obrigado pela recep√ß√£o no aeroporto, MANAUS-AM! Indo para os compromissos emocionado! https://t.co/Pgda247ktr",,False,Thu Dec 10 18:57:08 +0000 2015,371,675026480150274050
217,Twitter for iPhone,üáßüá∑ https://t.co/JgjhB0kT2s,,False,Sat Nov 14 20:58:22 +0000 2015,59,665634902885449728
132,Twitter for iPhone,As √∫nicas redes sociais oficiais do Deputado Federal Jair Bolsonaro (RJ). http://t.co/K2gwkrAAvG,,False,Tue Sep 01 15:16:37 +0000 2015,54,638732196728152064
220,Twitter for iPhone,"Em 2012, sem BOLA DE CRISTAL e SEM SER ECONOMISTA, j√° previa o CAOS ECON√îMICO de hoje. https://t.co/nFE00l2tOg",,False,Thu Dec 31 15:58:04 +0000 2015,109,682591560895213568
299,Twitter Web Client,ENTREVISTA COM BOLSONARO: Brasil precisa de menos estado e mais mercado. https://t.co/kFmsXm1H0Q,,False,Mon Dec 21 23:40:56 +0000 2015,172,679084166797901826
86,Twitter Web Client,CRIMES CONTRA A VIDA D AGENTES D SEGURAN√áA P√öBLICA PODEM SE TORNAR HEDIONDOS. http://t.co/bGBm1yIfZ3 (Via @FlavioBolsonaro e @BolsonaroSP ),,False,Tue Mar 24 15:58:48 +0000 2015,77,580398366921748481
266,Twitter for iPhone,Gravei hoje para o Programa Partid√°rio. Assista a mensagem de 23 segundos. #forodes√£opaulo  #foraforo http://t.co/QFRJ0KVx9Q,,False,Mon Sep 28 22:44:53 +0000 2015,164,648629478579679232
121,Twitter for iPhone,12 DE ABRIL: #NAPAULISTA #FORADILMA #Dia12EuVou (Com @BolsonaroSP e @CarlosBolsonaro ),,False,Sat Apr 11 21:49:05 +0000 2015,63,587009498075766785
588,Twitter for iPhone,C√ÇMARA APROVA VOTO IMPRESSO. (Com @BolsonaroSP ). http://t.co/S1xlfksTMm,,False,Wed Jun 17 00:56:19 +0000 2015,466,610974216679256064
159,Twitter for iPhone,"Hoje, √†s 18h30, desembarcarei no Aeroporto d Bel√©m c/ o Deputado Delegado √âder Mauro. Obrigado Paraenses pelo carinho at√© agora demonstrado.",,False,Thu Oct 08 19:23:09 +0000 2015,31,652202590042722304
265,Twitter for iPhone,"CPI DO BNDES, BOLSONARO E A FRIBOI: http://t.co/3JU86ciwhd",,False,Tue Aug 18 13:00:44 +0000 2015,189,633624571384627200
54,Twitter for iPhone,"GOVERNO /DIREITOS HUMANOS/ CONTROLE DA INTERNET: Di√°rio Oficial (9/04/13) traz 2 portarias d ""seguran√ßa"" na internet. http://t.co/jJ9nFGVevd",,False,Fri Apr 10 18:27:09 +0000 2015,51,586596295202250753
182,Twitter for iPhone,NA PAULISTA COM O BRASIL. http://t.co/2MKL74OzQ5,,False,Mon Apr 13 01:08:05 +0000 2015,87,587421966161711104
100,Twitter for iPhone,"Mais um agradecimento pelo carinho! Por fim, sempre acreditei na credibilidade do Congresso em Foco! kkkKkk... https://t.co/SwTvqEhmL9",,False,Fri Oct 09 17:40:40 +0000 2015,24,652539186520662017
282,Twitter for iPhone,A cada dia passado mais emocionado fico pelo carinho atribu√≠do √† minha pessoa! Obrigado pela confian√ßa! https://t.co/ohJtRq8sbT,,False,Fri Aug 14 04:06:38 +0000 2015,134,632040606706089985
379,Twitter for iPhone,INTERPOL :Permitir q cidad√£os d bem portem armas de fogo √© a maneira mais efetiva d se prevenir ataques terroristas.https://t.co/OTCAx7t4IL,,False,Thu Dec 03 17:30:20 +0000 2015,213,672467918433746944
188,Twitter for iPhone,N√£o preciso. Sei que alguns me amam! Abra√ßo a todos! https://t.co/40gFoxX9uY,,False,Sat Nov 14 21:19:48 +0000 2015,47,665640295376265216
312,Twitter for iPhone,"""""URGENTE"""": GOLPE PARA 2018 / DITADURA DO VOTO ELETR√îNICO (FRAUDADO) DE VOLTA. http://t.co/SW3SuRNusY",,False,Thu Jul 09 16:47:10 +0000 2015,317,619186041006747649
125,Twitter for iPhone,Tratado sobre Com√©rcio de Armas entre a ONU e o BRASIL poder√° levar ao desarmamento total do cidad√£o de bem. https://t.co/boC9IYg2GB,,False,Fri Aug 14 00:17:04 +0000 2015,111,631982836657090560
238,Twitter for iPhone,Abra√ßo no velho! https://t.co/4AXMFJ9ShP,,False,Sat Nov 14 20:16:26 +0000 2015,126,665624351920791552
161,Twitter Web Client,Recurso apresentado por Bolsonaro ap√≥s Eduardo Cunha rejeitar seu pedido de Impeachment de Dilma. http://t.co/CtZwVAbl1d,,False,Thu Oct 08 17:41:58 +0000 2015,91,652177126385426432
157,Twitter for iPhone,"Espero que seus ""desejos mais √≠ntimos"" se realizem! Sem a menor ironia! Boa tarde, amig√£o! https://t.co/opoDO8anqX",,False,Sat Nov 14 20:44:41 +0000 2015,47,665631459944845312
120,Twitter for iPhone,"Presidindo um trecho da sess√£o na C√¢mara, ao lado do meu filho, @BolsonaroSP eleito tb deputado federal por SP. üáßüá∑üëç http://t.co/RkA7DCOh9e",,False,Thu May 21 17:34:15 +0000 2015,42,601440882399653888
156,Twitter for iPhone,"A turma dos Direitos Humanos j√° viu as postagens do ""estudante"" morto pela Pol√≠cia no morro do Dend√™? http://t.co/7QXpEenLex",,False,Thu May 21 09:58:22 +0000 2015,149,601326154788839424
200,Twitter for iPhone,"A ""LEI das PALMADAS"" - 13.010 / 2014 - j√° come√ßa a produzer resultados no Brasil"" do PT. https://t.co/GGTaxR8qCI",,False,Sun Nov 01 21:08:41 +0000 2015,111,660926458857148416
110,Twitter for iPhone,Comiss√£o de Rela√ß√µes Exteriores e Defesa Nacional: O TERRORISMO BATE √ÄS PORTAS DO BRASIL. http://t.co/RAFFcvvKyu,,False,Sat May 30 10:08:36 +0000 2015,108,604590221578092544
203,Twitter for iPhone,"Pelas ""andan√ßas"" na internet dou de cara com este present√£o! Bem melhor que o original! üëçüáßüá∑. http://t.co/2WBFCveJj3",,False,Fri Jul 31 22:02:16 +0000 2015,34,627237870194008065
239,Twitter for iPhone,VIOL√äNCIA SE COMBATE COM... VIOL√äNCIA. Projeto de Lei 7104/14: http://t.co/INKODjJJik . http://t.co/dl9b5508yM,,False,Mon Aug 31 15:48:52 +0000 2015,156,638377927105748992
77,Twitter for iPhone,Participo hj do Programa CONECTADO AO PODER (de 20h √†s 21h). Caso queira participar estamos √† disposi√ß√£o! http://t.co/6kfvoBgkbA,,False,Tue Jun 23 17:50:59 +0000 2015,32,613403896015360000
229,Twitter for iPhone,Ai te chamam de mam√≠fero campestre com chifre e vc fica incomodado? https://t.co/sYVLZdvRto,,False,Sat Nov 14 20:40:11 +0000 2015,133,665630325591179264
350,Twitter for iPhone,A Pol√≠cia Federal em minha casa!!! https://t.co/8ECflXrHDH,,False,Fri Dec 18 23:59:35 +0000 2015,171,678001695142580225
207,Twitter for iPhone,No ch√£o em Barret√£o... http://t.co/6h2ZMPw3CQ,,False,Sun Aug 30 00:42:21 +0000 2015,37,637787403890073600
82,Twitter for iPhone,DISCURSO DE BOLSONARO - Dilma usa cubanos para governar - http://t.co/UE11LOB8Zq,,False,Tue May 26 18:50:24 +0000 2015,70,603271986412924930
126,Twitter for iPhone,PARAB√âNS M√ÉES. http://t.co/K35gG28w2B,,False,Sun May 10 21:29:16 +0000 2015,28,597513760308334592
50,Twitter for iPhone,REFORMULA√á√ÉO DE REGIMENTO DISCIPLINAR: @FlavioBolsonaro defende modifica√ß√£o de pris√£o disciplinar p/ PMs. Entenda: http://t.co/S5k5hmnjGE,,False,Tue Jun 09 01:09:17 +0000 2015,28,608078376247697409
120,Twitter for iPhone,Programa Confronto de Ideias da Band - Mato Grosso. https://t.co/LdU60RfJPv,,False,Fri Nov 13 11:36:38 +0000 2015,36,665131152576012288
455,Twitter for iPhone,"Hoje √© Dia do Policial Federal, um abra√ßo a meu garoto @BolsonaroSP extensivo a toda corpora√ß√£o! üáßüá∑üáßüá∑üáßüá∑ https://t.co/AcUXc0okkA",,False,Mon Nov 16 16:55:05 +0000 2015,126,666298453706821634
240,Twitter for iPhone,VI√öVAS E √ìRF√ÉOS PAGAR√ÉO POR CORRUP√á√ÉO DE LULA E DILMA. http://t.co/jB6OVUbyXy,,False,Thu May 14 18:06:06 +0000 2015,276,598912181678252032
274,Twitter for iPhone,Escola Naval - Nossos parab√©ns aos 199 novos Guardas-Marinha. https://t.co/2Ab1NcGq6V,,False,Sun Dec 06 14:04:35 +0000 2015,61,673503303699951616
91,Twitter for iPhone,AMANH√É √ÄS 20H ESTAREI EM GOI√ÇNIA - ASSOCIA√á√ÉO DOS MAGISTRADOS DO ESTADO DE GOI√ÅS ‚Äì DISCUTINDO O SISTEMA PENITENCI√ÅRIO E OUTROS ASSUNTOS.,,False,Wed Sep 16 18:43:52 +0000 2015,34,644220173155745792
141,Twitter Web Client,"Correio Braziliense entrevista Bolsonaro: agradecendo o espa√ßo, logo divulgarei v√≠deos IMPERD√çVEIS da entrevista. https://t.co/Qfr2o2FyVQ",jairbolsonaro,False,Sun Nov 15 15:34:46 +0000 2015,47,665915854639529985
91,Twitter for iPhone,Deputado Federal Eduardo Bolsonaro (@BolsonaroSP ) questiona Ministro da Defesa sobre p√©ssimos sal√°rios das FFAA. http://t.co/6HsUFXDvxR,,False,Fri May 22 20:19:59 +0000 2015,54,601844980316033024
116,Twitter for iPhone,MENTIRAM PARA MIM SOBRE O DESARMAMENTO: livro de @Flavio_Quintela e @benebarbosa_mvb #RECOMENDAMOS (C/ @BolsonaroSP ) http://t.co/PoGzBkGttS,,False,Wed Apr 08 19:25:55 +0000 2015,87,585886305843806211
92,Twitter for iPhone,@eduardopaes_ (Prefeito-Rio) determina fim d portaria q colocava travestis e mulheres em mesma ala de hospital! Parab√©ns pela press√£o d tds!,eduardopaes_,False,Wed Jul 15 14:31:54 +0000 2015,37,621326327770165248
107,Twitter for iPhone,ASSASSINATO D REPUTA√á√ïES: LISTA D FURNAS/Nossas medidas legais. http://t.co/YLwOsplW3A .Curto texto sobre o assunto: http://t.co/AzaHaHgpcz,,False,Fri Sep 11 13:21:28 +0000 2015,85,642327098988851200
308,Twitter for iPhone,Projeto de Lei 1589/2015 institui censura na internet: http://t.co/fv6URouvA5 - Nosso coment√°rio: http://t.co/Oc33WTLG5U,,False,Wed Sep 23 00:50:43 +0000 2015,319,646486820579098624
256,Twitter for iPhone,"Livro -"" A VIDA SECRETA DE FIDEL"", p√°g 160 / Livro -"" UNA OVEJA NEGRA AL PODER"", p√°g 227.  Veja e indigne-se: https://t.co/3GmD8pGBEc",,False,Wed Dec 23 00:44:37 +0000 2015,181,679462581266989056
284,Twitter Web Client,IMPEACHMENT: L√çDER DO PT JOS√â GUIMAR√ÉES (D√ìLARES NA CUECA) E ORLANDO SILVA (PCdoB-TAPIOCA) SE EXALTAM C/ BOLSONARO: https://t.co/vRT8tsYJDq,,False,Wed Sep 16 19:02:35 +0000 2015,237,644224879940739072
120,Twitter for iPhone,"V√≠deo de 3' 54''  - via @onyxlorenzoni DEM / RS -, onde Lula fala em agilizar acordos como Foro de SP (no 1'42''). https://t.co/68oFcp7G1i",,False,Mon Sep 21 15:26:04 +0000 2015,101,645982331640135680
1682,Twitter for iPhone,"A ""crian√ßa"" de 16 anos j√° estupra, mata... ai dizem que se for presa vai ficar pior! Pior como? Vai se filiar ao PT? http://t.co/bXkcoBzbJv",,False,Thu Jul 02 12:36:41 +0000 2015,1650,616586288058245121
250,Twitter for iPhone,Bolsonaro prop√µe  voto impresso na Reforma Pol√≠tica. http://t.co/K9MTQ4Ludk,,False,Fri Mar 06 18:55:18 +0000 2015,244,573919804526100481
201,Twitter for iPhone,"Grande Gabriel, sempre agiram assim. N√£o enxerga quem n√£o quer ou √± interessa! Grande abra√ßo! https://t.co/DzjhJzJafh",,False,Sat Nov 14 21:13:18 +0000 2015,65,665638660289732608
287,Twitter Web Client,"Delator sai da pris√£o e vai p/ apto. de R$12mi. Mas p/eles o maior problema do pa√≠s √© o Bolsonaro ""esteriotipado"". https://t.co/qjKePG4dRg",,False,Wed Nov 18 17:22:20 +0000 2015,202,667030086676258816
216,Twitter for iPhone,PSDB FLERTA COM PT PARA REJEITAR VOTO IMPRESSO. (Via @portalR7 :http://t.co/bVcF1dShFZ). Nosso coment√°rio: http://t.co/Dm8yt3r4kM,,False,Mon Jun 15 15:39:36 +0000 2015,257,610471727257268224
533,Twitter for iPhone,Trecho do clipe da m√∫sica da presidanta Dilma saudando a mandioca! üòÇüòÇüòÇ http://t.co/MYs3gNYgNF,,False,Wed Jul 01 23:36:31 +0000 2015,397,616389952486658048
99,Twitter for iPhone,Via Instagram (@JairMessiasBolsonaro). http://t.co/dmSvSaLNui,,False,Tue Apr 07 18:09:50 +0000 2015,35,585504772649779200
317,Twitter for iPhone,Conversa c/deputados: Foro de SP e enrijecimento da legisla√ß√£o penal. Vamos criando cultura d rea√ß√£o aos comunistas. http://t.co/6nxi7L3pxG,,False,Tue Feb 10 19:40:25 +0000 2015,331,565233846715953153
75,Twitter Web Client,Projeto de Bolsonaro prorroga incentivo p/ inform√°tica e garante lideran√ßa do Brasil na √°rea. http://t.co/GAAekwsbdI,,False,Mon Mar 30 18:31:34 +0000 2015,39,582611137251946497
155,Twitter for iPhone,"BRASIL N√ÉO SER√Å A VENEZUELA AMANH√É: Faltam produtos b√°sicos na ""Madurol√¢ndia"" e Governo culpa empresas privadas. http://t.co/1JtFizkqZh",,False,Sat Aug 01 19:01:31 +0000 2015,122,627554772216844288
325,Twitter for iPhone,DESFILIA√á√ÉO DO PP - O PRIMEIRO PASSO: http://t.co/0wdsWkmvxm http://t.co/lgDJVCIeMA,,False,Wed Apr 15 01:08:24 +0000 2015,227,588146821232467968
240,Twitter for iPhone,Neste final de semana estarei nos estados de SP e RJ. Segue nossa agenda! Um grande abra√ßo! https://t.co/1pUE7Qk17N,,False,Tue Nov 24 17:42:52 +0000 2015,84,669209582808514560
216,Twitter for iPhone,"V√≠tima de latroc√≠nio, nos despedimos hj do Sgt PM BOPE, MARCELO MORAIS. Sepultamento d POLICIAL MILITAR, uma ROTINA. http://t.co/bicmxmbgBw",,False,Sat Oct 03 22:03:15 +0000 2015,111,650430941177999360
638,Twitter for iPhone,"MAIS AMOR, POR FAVOR. https://t.co/pwce3IKIXE",,False,Sat Nov 14 21:26:19 +0000 2015,419,665641936745865216
166,Twitter for iPhone,Valeu molecada! @CarlosBolsonaro @FlavioBolsonaro @BolsonaroSP  https://t.co/ySsjdG56u8,,False,Sun Aug 09 19:30:30 +0000 2015,41,630461167966752768
281,Twitter for iPhone,"INOCENTES √öTEIS, as ""MINORIAS"" etc, podem esperar; vcs ser√£o as primeiras v√≠timas do ARB√çTRIO dos PSICOPATAS do PT. https://t.co/d1CikoOG7Y",,False,Tue Oct 27 09:43:53 +0000 2015,156,658942182435495936
205,Twitter Web Client,"Jogo ter√° policiais armados ap√≥s ataques na FRA√áA DESARMAMENTISTA. No Brasil, 60mil assassinatos/ano e nada se muda. https://t.co/HV4UCwUsqL",,False,Tue Nov 17 17:26:54 +0000 2015,104,666668847622131712
62,Twitter for iPhone,"A rela√ß√£o entre Lula, os √≠ndios do PT e Kadafi. (Link da ata da reuni√£o no Senado: http://t.co/q6YKgmyYSh) - foto: http://t.co/TWd8vyPFSJ",,False,Wed Apr 29 18:30:08 +0000 2015,79,593482412178415616
196,Twitter for iPhone,AMAN / 2015: Parab√©ns aos 443 novos Aspirantes do Ex√©rcito Brasileiro. https://t.co/j2VA0Hou2g (C/ @CarlosBolsonaro e @FlavioBolsonaro ).,,False,Sat Nov 28 21:18:51 +0000 2015,58,670713486851317760
968,Twitter for iPhone,"Na Argentina, a princ√≠pio, alguns rumos mudar√£o. Breve, no Brasil, c/ uma OPOSI√á√ÉO DE VERDADE, mudaremos os nossos! BRASIL ACIMA DE TUDO!",,False,Mon Nov 23 00:49:55 +0000 2015,503,668592279263780865
229,Twitter for iPhone,Vamos juntos mudar esse Brasil! Um grande abra√ßo! https://t.co/aRC4fMidAK,,False,Sat Nov 14 20:46:30 +0000 2015,63,665631918596218880
113,Twitter for iPhone,"O POVO sobre nossa ida ao Nordeste -abstraindo o 3‚Ä¢ par√°grafo as agress√µes d sempre: ‚Äúmulheres, negros e homossexuais http://t.co/nRV4iV4zwA",,False,Mon Aug 17 17:49:32 +0000 2015,39,633334860774572032
262,Twitter for iPhone,+ UMA BOQUINHA PARA O PSOL: Comit√™ P/ Preven√ß√£o √† Tortura do Estado-RJ (6 cargos/cerca R$6.000 cada). TD PELO IDEAL! http://t.co/HcGYQfr6cQ,,False,Fri Jul 03 15:38:23 +0000 2015,253,616994403387899906
208,Twitter for iPhone,DataFolha divulga pesquisa c/ in√∫meros poss√≠veis candidatos em 2018 e √± inclui nome de Bolsonaro. Pq ser√°? http://t.co/efJVnCHW7S,,False,Mon Jun 22 09:56:25 +0000 2015,130,612922075968327681
200,Twitter for iPhone,"Cansado de repetir: nada tenho contra homossexuais, meu problema √© c/ o kit-gay nas escolas p/crian√ßas d 5 e 6 anos! https://t.co/qtuvnOIAvJ",,False,Sat Nov 14 20:52:54 +0000 2015,78,665633526784630784
280,Twitter for iPhone,"Servindo as For√ßas Armadas, por diversas vezes trabalhei/morei nas fronteitas do Brasil! http://t.co/Jcv6pVzLOG",,False,Wed Jul 22 14:57:00 +0000 2015,91,623869358389989376
758,Twitter for iPhone,"Hj, passando pela Petrobras, fui vaiado por MST, CUT, etc,...para mim √© motivo de muita honra. C/@CarlosBolsonaro https://t.co/P90ZMf5XOi",,False,Mon Nov 09 12:31:23 +0000 2015,409,663695378869592064
203,Twitter for iPhone,"No Caminho do terror: (Argentina, Brasil &amp; Ir√£). http://t.co/kqj8ZdTqP9",,False,Wed Jan 21 12:04:51 +0000 2015,324,557871444483649536
181,Twitter for iPhone,BOLSONARO X FORO DE S√ÉO PAULO: Grava√ß√£o de setembro de 2015 que passa hoje na TV aberta do estado em que foi eleito. https://t.co/HnEHO8Fuxu,,False,Fri Dec 04 21:06:48 +0000 2015,93,672884784809512960
102,Twitter Web Client,"JORNAL DE SANTA CATARINA: ""Deputado Federal Jair Bolsonaro participa de desfile da Oktoberfest em Blumenau."" http://t.co/CcQBZl1J7u",,False,Mon Oct 19 16:10:22 +0000 2015,22,656140340009791489
253,Twitter for iPhone,"Em debate c/ ex-marido d Dilma, ele teve a cara de pau d dizer q eu era mentiroso ao mencionar seu passado. https://t.co/lnX65mkXZp",,False,Tue Dec 29 14:23:47 +0000 2015,143,681843057914953728
289,Twitter for iPhone,"Brasil, Foro de SP e Bolivarianismo! Pura inven√ß√£o e intriga da oposi√ß√£o! #SQN http://t.co/gCWJObxbtd",,False,Sat Apr 04 21:17:00 +0000 2015,409,584464709082046464
90,Twitter for iPhone,Visitando as ra√≠zes no Vale do Ribeira - SP. http://t.co/M0i72wncEb,,False,Mon Jan 26 20:20:31 +0000 2015,33,559808122723008512
164,Twitter for iPhone,Seguindo a linha dos meus moleques: Rock n'Roll p/ aquecer!!! #FORAPT https://t.co/rc2h1TxS2U,,False,Sun Aug 16 11:47:22 +0000 2015,78,632881331261804544
548,Twitter for iPhone,Acho que est√° falando com o deputado errado! https://t.co/HAfidnOiqH,,False,Sat Nov 14 21:14:45 +0000 2015,611,665639026221805568
141,Twitter for iPhone,Amanh√£ estarei em Porto Alegre-RS. Segue a programa√ß√£o. http://t.co/FewRpzURsi,,False,Wed Aug 19 23:20:48 +0000 2015,40,634143003838410752
314,Twitter for iPhone,"Correlacionando o estado de Pernambuco, o pernambucano Lula, o PIB, o PT e Cuba, chega-se a seguinte conclus√£o! https://t.co/z5C4TAJkq7",,False,Mon Oct 19 20:31:29 +0000 2015,175,656206054548705280
507,Twitter for iPhone,"PESQUISA ""IBOPE"" IGNORA JAIR BOLSONARO - Tal OMISS√ÉO √© a certeza de que ESTAMOS BEM JUNTO AOS BRASILEIROS. https://t.co/hV9sZZ0bpc",,False,Wed Oct 28 09:32:12 +0000 2015,271,659301632044347393
374,Twitter Web Client,Sou o autor da proposta q reduz a maioridade penal + antiga entre os parlamentares em atividade: PEC301/96. #SimAReducaoDaMaioridadePenal,,False,Mon Mar 30 18:43:01 +0000 2015,282,582614019653181440
197,Twitter Web Client,O TRABALHO DOS FILHOS DE BOLSONARO: Clique e saiba muito mais sobre as realiza√ß√µes de cada um. https://t.co/btZhrSO2hw,,False,Mon Dec 28 12:42:33 +0000 2015,73,681455192894746624
139,Twitter Web Client,"Prestando contas de 8 meses de mandato do Deputado Federal por S√£o Paulo, Eduardo Bolsonaro. Confira!!! https://t.co/VkAy53u4ox",,False,Mon Oct 12 23:44:55 +0000 2015,47,653718016778235904
57,Twitter for iPhone,Convidados e presentes na Feira Agropecu√°ria de Goi√¢nia-GO (Com @BolsonaroSP ). http://t.co/j1Bm7wnP5n,,False,Tue May 19 10:02:00 +0000 2015,21,600602296981020672
414,Twitter for iPhone,"Paraguai, Argentina, Venezuela ..... AGORA √â A VEZ DO NOSSO BRASIL! DIA 13/12 - TODOS NAS RUAS. https://t.co/bBZPgEsMV5",,False,Tue Dec 08 15:18:12 +0000 2015,303,674246605248311297
117,Twitter for iPhone,"No dia 22/10, estive na Par√≥quia Imaculada Concei√ß√£o. Brilhante palestra do @padre_paulo sobre a fam√≠lia: https://t.co/dlmGXyIaPg",,False,Sat Oct 24 20:09:49 +0000 2015,44,658012539297615872
153,Twitter for iPhone,"O PP, a opera√ß√£o Lava Jato, Bolsonaro e os canalhas oportunistas. http://t.co/ESwRMYaiuG",,False,Mon Mar 23 17:53:28 +0000 2015,148,580064835112726528
652,Twitter for iPhone,Obrigado pela recep√ß√£o Recife-PE!!!!!!!! https://t.co/QUYPfimu3C,,False,Thu Nov 05 23:14:47 +0000 2015,324,662407743878389760
254,Twitter for iPhone,PT aparelha Comiss√£o de Rela√ß√µes Internacionais para agilizar projetos que facilitem acordos feitos no FORO de SP. http://t.co/4EysYsKfg1,,False,Fri Apr 03 11:29:22 +0000 2015,355,583954441579134976
119,Twitter for iPhone,Discurso de hoje na C√¢mara dos Deputados: PARADA GAY: Programa de governo do PT - GOVERNO DE CANALHAS. http://t.co/udR9xChcKO,,False,Thu Jun 11 19:11:23 +0000 2015,81,609075474145390592
104,Twitter for iPhone,Palestra sobre a redu√ß√£o da maioridade penal no RJ. (Com @CarlosBolsonaro ) http://t.co/ba9WoQ6eef,,False,Sun Jun 14 00:11:12 +0000 2015,56,609875701676814336
184,Twitter for iPhone,Neste s√°bado estarei no Programa do @pgmraulgil (Raul Gil) no SBT. http://t.co/vALaorPfnx,,False,Fri Apr 24 20:32:00 +0000 2015,77,591701144247934976
186,Twitter for iPhone,MAIS UM GOLPE DO PT CONTRA OS M√âDICOS (foto explicativa) / nossa atitude - clique no link: http://t.co/9hwZ63NI6n . http://t.co/pM7QauRliN,,False,Tue Aug 11 21:14:32 +0000 2015,190,631212124883296256
138,Twitter for iPhone,Gra√ßas aos ex-combatentes hoje n√£o vivemos em uma ditadura. http://t.co/pKaJrpGMVJ,,False,Sat May 09 19:20:39 +0000 2015,57,597119006303244288
328,Twitter Web Client,"Relator da PEC do ""Voto Impresso"", Senador @RaimundoLiraPB (PMDB) dar√° paracer favor√°vel √† nossa proposta. https://t.co/jQxef4YYGI",,False,Wed Nov 04 14:30:22 +0000 2015,199,661913380077309952
160,Twitter Web Client,√© muita OPRESSAUM... https://t.co/Qkn0EHVyvs,,False,Thu Oct 29 17:43:53 +0000 2015,94,659787754730037248
246,Twitter for iPhone,PERNAMBUCO!!! Com @BolsonaroSP https://t.co/cvGSCF1r56,,False,Fri Nov 06 15:02:55 +0000 2015,70,662646348374757376
212,Twitter for iPhone,SEM JUSTI√áA N√ÉO H√Å DEMOCRACIA. https://t.co/zW5AGQYNQn,,False,Fri Dec 18 20:23:23 +0000 2015,81,677947288925437952
61,Twitter for iPhone,@radaronline divulga falsa nota de q teria desistido de pretens√µes p/ 2018. At√© l√° far√£o de td p/ me descredibilizar. http://t.co/369yOJRkKN,radaronline,False,Thu Jul 23 23:19:16 +0000 2015,62,624358144475557888
90,Twitter Web Client,"√çntegra do hangout #Ter√ßaLivre c/ @allanldsantos, @PauloMartins10, @Depbolsonaro, @presidentemvb e @OdeCarvalho. http://t.co/O6vsmYn6Zk",,False,Wed Apr 01 11:59:06 +0000 2015,87,583237146020077568
292,Twitter for iPhone,Agora na Marcha Para Jesus: FAM√çLIA PROJETO DE DEUS! (C/ @PastorMalafaia / @DepSostenes / Magno Malta). http://t.co/xC8mLmUyan,,False,Sat May 30 18:45:15 +0000 2015,152,604720240128368641
492,Twitter for iPhone,"1@ vez desde 1937 que o TCU reprova contas de um presidente: ansioso pelo mimimi de ""Laerte"", da Lombriga An√™mica e cia...O BRASIL VENCER√Å!",,False,Wed Oct 07 23:53:23 +0000 2015,277,651908208622235648
166,Twitter for iPhone,"Pedido d impeachment c/ a√ß√£o d brasileiros, do @MBLivre e do @revoltadoonline (c/ @BolsonaroSP e @CarlosBolsonaro ). http://t.co/0zCI2nMcA8",,False,Wed May 27 20:50:11 +0000 2015,130,603664519483785216
150,Twitter for iPhone,Um pequeno v√≠deo sobre o significado do Foro de S√£o  Paulo.  https://t.co/PquVC3JsgG (via @onyxlorenzoni ),,False,Mon Sep 28 23:11:55 +0000 2015,137,648636281891725312
284,Twitter for iPhone,"""A presun√ß√£o d inoc√™ncia √© um preceito constitucional q vale p/qualquer vagabundo nesse pa√≠s, menos p/o Policial Militar."" @FlavioBolsonaro",,False,Fri Oct 02 13:56:24 +0000 2015,192,649946035700281344
272,Twitter for iPhone,"Em manifesta√ß√£o contra a campanha de desarmamento do PT, em 9/12/04 j√° advertia: ""O EX√âRCITO DO PT √â O MST"". http://t.co/HsG285egjo",,False,Thu Feb 26 16:59:38 +0000 2015,339,570991591579643904
135,Twitter for iPhone,"COL√âGIO MILITAR EMPLACA 4 ALUNOS EM UNIVERSIDADE NOS EUA, UM DELES EM HARWARD. http://t.co/NBJ4dps8xp (Via @g1 ).",,False,Fri Jun 19 10:23:30 +0000 2015,69,611841727893274625
152,Twitter for iPhone,Pr√©via de nossa agenda de visita em Recife-PE. https://t.co/LgvBbRwQBo,,False,Wed Nov 04 22:54:19 +0000 2015,58,662040205147418624
267,Twitter for iPhone,Fam√≠lia quase toda reunida: escutar e ser escutado! üáßüá∑ @BolsonaroSP e @CarlosBolsonaro https://t.co/bx1DrD3jwS,,False,Tue Oct 27 21:26:33 +0000 2015,76,659119016104083456
200,Twitter for iPhone,"Em Cuiab√°, Bolsonaro diz ser contra cota p/negros num pa√≠s miscigenado e gigantescas demarca√ß√µes d terras ind√≠genas. https://t.co/5AKM4Tzxfi",,False,Fri Nov 13 20:54:09 +0000 2015,86,665271452762021889
246,Twitter for iPhone,Acho que vou processar a TAM! KkKkk... http://t.co/xLYGNiDtlj,,False,Tue May 05 13:09:05 +0000 2015,149,595575947828568064
73,Twitter for iPhone,Em 3‚Äô46‚Äù um resumo de minha atividade parlamentar junto a estudantes que diariamente visitam nossa C√¢mara. http://t.co/F7vAPDiHS8,,False,Wed Aug 26 22:39:49 +0000 2015,29,636669405037002753
405,Twitter for iPhone,"Z√© Dirceu pede a m√∫sica ""EU VOLTEI"" de Roberto Carlos. http://t.co/XnCVgxw676",,False,Mon Aug 03 14:19:52 +0000 2015,341,628208668614467584
348,Twitter for iPhone,Domingo - 13/12/15 - no Leblon em dire√ß√£o a Copacabana c/ @FlavioBolsonaro e @CarlosBolsonaro . #ForaPT #Brasil https://t.co/NHL5aCdUHe,,False,Sat Dec 12 18:56:29 +0000 2015,217,675751090487447552
101,Twitter Web Client,Hoje participo de hangout abordando diversos temas de interesse nacional. (29/06/15 √†s 21:00) - link p/ participar: http://t.co/OVn6wLOGc1,,False,Mon Jun 29 23:11:43 +0000 2015,45,615658935970844672
255,Twitter for iPhone,"PARTIDO DE PIROCAS: √± nego mas √± assumo, √± apoio o PT mas defendo o PT, √± concordo c/ terrorismo mas apoio Battisti. https://t.co/ZkYsCiU2Oe",,False,Sat Nov 14 19:03:33 +0000 2015,112,665606007360475137
110,Twitter for iPhone,POL√çCIA MILITAR / CONDECORA√á√ÉO / TSE QUER VOTO IMPRESSO S√ì EM 2022: http://t.co/vO8Q9wKbxP,,False,Sat Jul 11 13:23:33 +0000 2015,62,619859572967231488
269,Twitter for iPhone,Os que se dizem torturados s√£o embusteiros e mentirosos. http://t.co/4pqtIOZkln,,False,Tue Aug 04 00:40:55 +0000 2015,199,628364959513243649
220,Twitter for iPhone,"Dia 19/11, quinta-feira, desembarco na Para√≠ba com @BolsonaroSP . Segue nossa programa√ß√£o em Jo√£o Pessoa! Um abra√ßo! https://t.co/rWJISsIgqD",,False,Wed Nov 18 15:59:19 +0000 2015,63,667009195259088897
146,Twitter for iPhone,"Ontem, √†s 22h00 de s√°bado, na ADUD - Assembl√©ia de Deus dos √öltimos Dias - em S√£o Jo√£o de Meriti / RJ. http://t.co/gFPltFOSlL",,False,Sun Oct 04 14:31:36 +0000 2015,25,650679669176553472
103,Twitter for iPhone,Parab√©ns aos Formandos Oficiais de Cart√≥rio da Pol√≠cia Civil! C/ @flaviobolsonaro no Maracan√£zinho. http://t.co/QFtSSxJ5ah,,False,Tue Jul 28 16:55:00 +0000 2015,31,626073378714177537
308,Twitter for iPhone,Bolsonaro e @marcofeliciano indicam leitura do novo livro de @RachelSherazade (O BRASIL TEM CURA). https://t.co/vvKoCZuNjv,,False,Wed Dec 09 20:07:46 +0000 2015,138,674681865102565376
139,Twitter for iPhone,N√£o √© qualquer um que tem um vereador na assessoria geral! üòÉ! #FAM√çLIABOLSONARO #FORAPT https://t.co/2JVcBrTOjl,,False,Sun Aug 16 03:57:24 +0000 2015,56,632763059862413312
307,Twitter for iPhone,ELES N√ÉO ROUBAR√ÉO TAMB√âM A NOSSA LIBERDADE. http://t.co/bKUAosfAB2,,False,Sun Apr 26 23:57:40 +0000 2015,174,592477676222447616
126,Twitter Web Client,"17/Out., estarei, a convite do @deputadopeninha (autor do PL q revoga o Estatuto do Desarmamento), em BLUMENAU/SC. http://t.co/ayMMrCMHX1",,False,Fri Oct 16 14:42:12 +0000 2015,57,655030990964961281
127,Twitter for iPhone,"S√°bado, 29/Agosto, estarei em Barretos/SP com o Deputado Federal Eduardo Bolsonaro (@BolsonaroSP) ‚Äì Festa do Pe√£o. http://t.co/vS6gBtcp6G",,False,Thu Aug 27 19:51:04 +0000 2015,26,636989323221598208
427,Twitter for iPhone,BRASIL ACIMA DE TUDO!!! DEUS ACIMA DE TODOS!!! (Via Instagram). http://t.co/xLaEbj8usY,,False,Fri Jul 10 11:54:05 +0000 2015,179,619474669599649792
295,Twitter for iPhone,"Agrade√ßo o carinho dos estudantes da Faculdade Lucas do Rio Verde - MT, do  oitavo e d√©cimo per√≠odos de Direito. http://t.co/3dK9lbhRGp",,False,Tue Aug 25 22:55:10 +0000 2015,72,636310879202603008
273,Twitter for iPhone,"LEI DOS 3 CRIMES (NOSSA PROPOSTA): ""antes a cadeia cheia de vagabundos que o cemit√©rio cheio de inocentes!"" http://t.co/QanDW5kvpV",,False,Tue Jun 09 22:52:03 +0000 2015,206,608406230617497602
269,Twitter for iPhone,PAN-AMERICANO (TORONTO): ORGULHO DESSA TROPA. http://t.co/mJnqmEy6JB,,False,Thu Jul 16 16:55:50 +0000 2015,160,621724934323236865
430,Twitter for iPhone,No fato ocorrido durante v√¥o da TAM √© importante nos atermos √† mensagem q escrevi no facebook ao publicar o v√≠deo. http://t.co/awmBas1khZ,,False,Wed Apr 08 22:47:33 +0000 2015,426,585937048693055488
127,Twitter for iPhone,BRAZILIAN CONGRESSMAN JAIR BOLSONARO / SUPPORTIVE NOTE TO ISRAEL - (WHO IS DILMA ROUSSEFF). https://t.co/CQY1bwKug5,,False,Mon Nov 09 22:40:48 +0000 2015,66,663848743784042496
703,Twitter for iPhone,"Mais uma vez @Datafolha ""ESQUECE"" nome de Bolsonaro em sua pesquisa para PRESIDENTE. https://t.co/LykGlaaNEp",,False,Mon Nov 30 12:14:51 +0000 2015,365,671301362773307392
44,Twitter for iPhone,"Hoje, estarei em Guaratinguet√°-SP (formatura de Sargentos da Aeron√°utica) e logo mais, festa junina em Resende-RJ. http://t.co/aO32fj6MBZ",,False,Fri Jun 19 18:13:39 +0000 2015,14,611960046159851520
164,Twitter for iPhone,"In√©rcia do PSDB faz crescer ades√£o a Bolsonaro e Feliciano. (c/ @BolsonaroSP e @marcofeliciano, - via @radaronline ) http://t.co/I7XCaAN4fN",,False,Fri May 29 14:17:44 +0000 2015,116,604290533406695426
224,Twitter for iPhone,PT quer via MP 665 retirar direitos dos trabalhadores. √ë perdemos a chance de desmascar√°-los. C/ @BolsonaroSP . http://t.co/xyNczMrTm0,,False,Thu May 07 01:00:19 +0000 2015,198,596117321678200832
165,Twitter for iPhone,"ESTAMOS PIORES QUE O PR√â 1964- ACORDEM, AINDA H√Å TEMPO. http://t.co/FBdyGjnoAl http://t.co/ctLEerZU2k",,False,Tue May 12 18:37:47 +0000 2015,210,598195382414348288
385,Twitter for iPhone,"DIA 16/08, VAMOS √ÄS RUAS: √â sempre bom voltar do recesso e dizer verdades ao PT! http://t.co/IshKVNNmOu",,False,Wed Aug 05 23:43:01 +0000 2015,284,629075166119763968
209,Twitter for iPhone,Em Belo Horizonte (MG) p/ audi√™ncia sobre o Estatuto do Desarmamento. C/ @BolsonaroSP e @deputadofraga . http://t.co/yZD2RLojCy,,False,Fri Jun 26 13:45:29 +0000 2015,82,614429276784492544
207,Twitter for iPhone,O Instituto ‚ÄúPARAN√Å PESQUISAS‚Äù divulga nova pesquisa p/ Presidente realizada em SC. Continuamos no G4...e subindo. http://t.co/Q4lFybZKmA,,False,Tue Oct 06 22:37:58 +0000 2015,73,651526840826396672
276,Twitter for iPhone,#FAM√çLIA #PAIS #SAUDADES . http://t.co/MgD0WOLIPF,,False,Sun Jul 05 18:57:04 +0000 2015,42,617769177860960257
141,Twitter Web Client,"Maioria dos votos p/ reduzir maioridade √± foi suficiente. 5 deputados d ""oposi√ß√£o"" foram decisivos na rejei√ß√£o d PEC. http://t.co/94ZxHwiEjS",,False,Wed Jul 01 12:24:51 +0000 2015,95,616220924010962944
541,Twitter for iPhone,"ENEM2015, ISSO √â PT: ""O JO√ÉO N√ÉO NASCEU HOMEM e a MARIA N√ÉO NASCEU MULHER."" https://t.co/3sriuc0ZXz",,False,Sun Oct 25 00:22:50 +0000 2015,467,658076212322029568
92,Twitter for iPhone,Hangout com @Biakicis  @allanldsantos @DepBolsonaro e o @marcofeliciano ? Assista na √çNTEGRA: https://t.co/X8GXDimgyx (Via @tercalivre ),,False,Wed Sep 02 12:03:46 +0000 2015,51,639046050813243392
57,Twitter for iPhone,"Programa @blitz_digital e Bolsonaro:
desmilitariza√ß√£o da PM, haitianos e cubanos no Brasil e outras ""pol√™micas"". http://t.co/7d5UchSyq7",,False,Fri May 22 14:13:17 +0000 2015,53,601752695037415424
220,Twitter for iPhone,Parab√©ns a todos q de alguma forma fizeram parte deste processo! BRASIL! https://t.co/iaKcRfbRH2,,False,Tue Jul 07 18:41:04 +0000 2015,126,618489928767414276
62,Twitter Web Client,Acompanhe a Fam√≠lia Bolsonaro nas redes sociais. http://t.co/gMU89pKv5P,,False,Wed Mar 18 18:19:30 +0000 2015,39,578259447857950720
224,Twitter for iPhone,13/12/2015- Copacabana: Mais importante q nossa vida √© a nossa liberdade! C/ @FlavioBolsonaro e @CarlosBolsonaro . https://t.co/V7CSoDvVPM,,False,Mon Dec 14 00:47:54 +0000 2015,77,676201915315810305
1095,Twitter for iPhone,Desejo um ano melhor aos amigos e um abra√ßo h√©tero aos q diariamente me xingam e me enchem d orgulho d fazer vcs chorarem! Vamos adiante!,,False,Thu Dec 31 16:13:30 +0000 2015,589,682595445596643329
133,Twitter for iPhone,"""ONG$ contra Bolsonaro em Direitos Humanos"". Estamos no caminho certo! http://t.co/VoBi80OgLJ",,False,Wed Mar 04 14:42:36 +0000 2015,103,573131433264467968
183,Twitter for iPhone,MST E O MINIST√âRIO DA DEFESA - LULA MINISTRO? http://t.co/YVoapA2Sa2,,False,Sun Aug 09 12:06:58 +0000 2015,170,630349549224247296
162,Twitter for iPhone,"A√©cio, FHC, Alckmin e Serra criticam PT em conven√ß√£o, enquanto Bolsonaro desafia todos na TV. http://t.co/sm869Xzv73 (Via @BlogDoPim )",,False,Tue Jul 07 18:19:59 +0000 2015,83,618484622503116800
327,Twitter for iPhone,"Crise econ√¥mica, amea√ßas da esquerda...em 2015, quanta SEMELHAN√áA c/ 1964...e a pergunta: QUEM SALVAR√Å O BRASIL? https://t.co/7QoAHfX6gG",,False,Mon Nov 02 14:04:04 +0000 2015,241,661181987189866496
164,Twitter for iPhone,"Dia 10/12 estaremos em Manaus-AM, junto c/ @BolsonaroSP . Segue nossa agenda! Abra√ßo a todos!",,False,Wed Dec 09 14:58:19 +0000 2015,40,674603991632859137
127,Twitter Web Client,"BLOG FAM√çLIA BOLSONARO: OBRIGADO FOR√áAS ARMADAS, POR GARANTIREM QUE HOJE N√ÉO VIVAMOS EM UMA DITADURA COMO A DE CUBA. http://t.co/25VDtiNEaI",,False,Tue Mar 31 16:01:35 +0000 2015,104,582935781137874944
606,Twitter for iPhone,"Chico roubava carros e Dilma cargas e cofres! A liga√ß√£o destes vai mto al√©m do dinheiro, mas d ideal! Ambos ""combatentes do Regime Militar""!",,False,Tue Dec 29 13:48:47 +0000 2015,410,681834249889120256
468,Twitter for iPhone,Globo News falando q fui praticamente posto pra fora de manifesta√ß√£o. Dou risada ou me inconformo c/ a fal√°cia? rs!,,False,Sun Mar 15 20:53:51 +0000 2015,339,577211128842989568
87,Twitter for iPhone,"Seguindo a l√≥gica das autoridades na elabora√ß√£o d suas ""brilhantes"" f√≥rmulas no combate √† viol√™ncia.... (Segue) https://t.co/LvwJH3LvUk",,False,Sun Jul 12 20:18:58 +0000 2015,56,620326503394463745
343,Twitter for iPhone,"Alinhar propostas econ√¥micas c/ ""novos"" economistas, s/ propor + do mesmo, seguindo a linha d Menos Estado p/ oxigenar a economia d verdade!",,False,Wed Dec 23 08:47:11 +0000 2015,126,679584022457139200
80,Twitter for iPhone,"Hj estive c/ @BolsonaroSP na Cavalaria da PMESP e meus outros garotos, @VerBolsonaro e @FlavioBolsonaro na formatura de soldados da PMERJ.",,False,Fri Feb 27 17:17:16 +0000 2015,27,571358418289741824
150,Twitter for iPhone,Garoto bom!!! https://t.co/KKvuH0Y6zb,,False,Sat Nov 14 20:25:37 +0000 2015,48,665626663514988545
156,Twitter for iPhone,Um grande abra√ßo! https://t.co/uNAy2NVmf0,,False,Sat Nov 14 21:17:43 +0000 2015,22,665639772547907584
835,Twitter for iPhone,"Dilma e seu Ministro da Defesa podem exonerar o General Mour√£o, mas N√ÉO PODEM demiti-lo. https://t.co/Qs1aw5rrvM",,False,Fri Oct 30 14:07:12 +0000 2015,669,660095612491333632
198,Twitter for iPhone,#Dia12EuVou #NAPAULISTA (Hor√°rio e ponto de encontro com amigos): http://t.co/T7KQngMosE,,False,Sat Apr 11 21:52:29 +0000 2015,102,587010357455155200
516,Twitter for iPhone,"√öLTIMA: Eduardo Cunha , atendendo ao apelo d v√°rios parlamentares, negociou no sentido do voto impresso valer p/ as elei√ß√µes d 2018. BRASIL!",,False,Thu Jul 09 17:15:20 +0000 2015,416,619193130282283009
379,Twitter for iPhone,"A rela√ß√£o entre o frio, arma de fogo, inverno e criminalidade! Via @benebarbosa_mvb http://t.co/SJuN2IkuWN",,False,Wed Jun 10 16:35:50 +0000 2015,265,608673938491777024
87,Twitter for iPhone,CASAS LOT√âRICAS: GOLPE NOS PERMISSION√ÅRIOS. http://t.co/5JXJWFmn4v,,False,Thu Aug 13 19:34:03 +0000 2015,51,631911613445074944
53,Twitter Web Client,RESUMO DE VIDA DO BLOG FAM√çLIA BOLSONARO: CLIQUE E CONFIRA. http://t.co/7gWcXaMSXu,,False,Mon Apr 06 18:10:58 +0000 2015,20,585142670537916416
228,Twitter for iPhone,"Honrado em ser condecorado pela Pol√≠cia Militar/MS nesta quinta. OAB e Dir. Humanos, p/variar, repudiam c/mentiras. http://t.co/pHdcTl99Xk",,False,Tue Apr 21 00:15:17 +0000 2015,143,590307784568270849
306,Twitter for iPhone,"Em livro ex-presidente uruguaio, Mujica:""Dilma usa das intelig√™ncias de CUBA e VENEZUELA p/ decis√µes de ESTADO"". https://t.co/kyMzUAu4Pn",,False,Wed Dec 02 15:50:28 +0000 2015,284,672080398948659201
125,Twitter for iPhone,"ENQUETE: quem ganhou o debate, Jair Bolsonaro ou Fernando Ferro? assista e vote. https://t.co/iBmNu0Q6wm",,False,Fri Nov 06 20:27:36 +0000 2015,48,662728057547919360
57,Twitter Web Client,AOS GUARDAS MUNICIPAIS DE TODO BRASIL: https://t.co/XvydJtX4ps,,False,Tue Oct 13 17:31:01 +0000 2015,16,653986312081571840
120,Twitter for iPhone,"OBRIGADO GOI√ÅS ! Ontem, na ASMEGO (Goi√°s), discutimos por 3 horas v√°rios assuntos de interesse nacional. http://t.co/HqOl0Teh0x",,False,Fri Sep 18 21:16:57 +0000 2015,32,644983469869805568
108,Twitter Web Client,BOLSONARO E O DIA INTERNACIONAL DA MULHER: Fatos que desmentem os canalhas. http://t.co/1oP1kWdbK7,,False,Sun Mar 08 12:46:11 +0000 2015,100,574551688163516418
253,Twitter Web Client,BOLSONARO REQUER IMPEACHMENT DA PRESIDENTE DILMA. http://t.co/9Am48nyq39,,False,Fri Mar 13 14:45:56 +0000 2015,233,576393763964264449
634,Twitter for iPhone,"Ir pra a vida do crime √© SEMPRE uma op√ß√£o, uma escolha, tanto para o rico quanto para o pobre. http://t.co/OD6HLdKec9",,False,Sat Sep 26 15:35:18 +0000 2015,656,647796593790447616
386,Twitter for iPhone,"Sou cat√≥lico, meus filhos + velhos Batistas... agrade√ßo a Deus pela exist√™ncia d cada pessoa q me cerca. #uni√£o https://t.co/XBbTbsTgzk",,False,Mon Oct 12 09:12:09 +0000 2015,129,653498380392484864
178,Twitter for iPhone,BRASIL ACIMA DE TUDO! General Le√¥nidas Pires Gon√ßalves ( Ex-Ministro do Ex√©rcito Brasileiro ). https://t.co/oUVdz9JE2u,,False,Wed Dec 30 19:48:11 +0000 2015,72,682287083319345152
183,Twitter for iPhone,"Legalizar a coca√≠na, a pedofilia e fazer propaganda p/o PSOL na TV, a linha auxiliar do PT. O Brasil tem jeito? http://t.co/EKEUN36iqN",,False,Mon Jun 08 10:30:46 +0000 2015,169,607857291556233216
617,Twitter for iPhone,"Obrigado a todos pelo carinho e considera√ß√£o! Amigos e ""amigos"". S/ preconceito e vitimismo! Vamos adiante por um Brasil melhor! Boa noite!",,False,Sat Nov 14 21:24:30 +0000 2015,162,665641479449243649
110,Twitter Web Client,QUEM √â BOLSONARO! Entrevista no ano 2015 mais uma vez quebra paradigmas e revela o verdadeiro parlamentar. Veja: http://t.co/Hvftrf4pZX,,False,Tue Feb 24 13:51:27 +0000 2015,99,570219457752240128
213,Twitter for iPhone,"Estad√£o (15/04/15): "" √ë sou homof√≥bico, gordof√≥bico, flamengof√≥bico... O governo √© q estimula isso..."" Jair Bolsonaro.",,False,Wed Apr 15 18:41:08 +0000 2015,143,588411752494321664
99,Twitter Web Client,REMEMBERING: The Brazilian State Legislator @FlavioBolsonaro says the truth about the government and its friends. https://t.co/PlHWXOzc7l,,False,Wed Dec 02 14:56:57 +0000 2015,39,672066932049371137
190,Twitter for iPhone,DIRE√á√ÉO MANAUS-AM (c/@BolsonaroSP )...! https://t.co/sLaKuK6fTg,,False,Thu Dec 10 12:27:14 +0000 2015,44,674928357138694144
212,Twitter for iPhone,Compartilhamos do mesmo anseio: https://t.co/ytwbrtM4rK,,False,Wed Oct 07 17:25:21 +0000 2015,107,651810556677066752
275,Twitter for iPhone,Sobre decreto de Dilma relacionado √†s FFAA e amplamente questionado por todos: https://t.co/AMhajqWC5C,,False,Tue Sep 08 22:43:48 +0000 2015,233,641381448788889600
211,Twitter Web Client,"Bolsa de Buenos Aires valorizou + d 64% em 2015. No Brasil, ap√≥s o ""an√∫ncio do impeachment"", o Ibovespa saltou 3,6%. https://t.co/3BiFQT8nBM",,False,Fri Dec 04 16:26:03 +0000 2015,124,672814130550714369
115,Twitter for iPhone,DISCURSO DE @FlavioBolsonaro : GUARDAS ARMADOS E PREPARADOS: CIDAD√ÉO MAIS SEGURO! https://t.co/zMazpVO2vK,,False,Thu Sep 17 20:51:59 +0000 2015,63,644614800408997888
148,Twitter for iPhone,Enquetes sobre temas que envolvem a Fam√≠lia Bolsonaro. Veja os resultados e entenda cada tema. https://t.co/h53PJJ2cnq,,False,Fri Dec 11 18:57:02 +0000 2015,49,675388841390440450
159,Twitter Web Client,"""ISSO √â HOMOFOBIA, DISCRIMINA√á√ÉO E √ìDIO DA OPOSI√á√ÉO"": Real √© a segunda moeda que mais desvalorizou no mundo. http://t.co/2nE4eMT76c",,False,Tue Sep 22 21:08:47 +0000 2015,90,646430969466105856
181,Twitter for iPhone,Andr√© Vargas (PT): Mais um a caminho da Papuda. (Via @CarlosBolsonaro ) http://t.co/kog6lqML16,,False,Fri Apr 10 13:17:41 +0000 2015,172,586518412131749888
228,Twitter for iPhone,"Elei√ß√µes na Argentina: Voto impresso foi decisivo. ""Sin familia, no hay felicidad"". https://t.co/8xJZFHWpYR",,False,Mon Nov 30 17:43:35 +0000 2015,106,671384088444555264
151,Twitter for iPhone,... https://t.co/PshHtZNNqr,,False,Sat Nov 14 18:52:26 +0000 2015,94,665603210896388097
62,Twitter Web Client,"As drogas, A Pol√≠cia e o q queremos p/ nossos filhos. Por @FlavioBolsonaro Via @JornalOGlobo . http://t.co/nzK5YHXSEt",,False,Thu Feb 19 14:28:55 +0000 2015,64,568416949002223616
226,Twitter for iPhone,"RECEP√á√ÉO DE BOLSONARO NO AEROPORTO DE BEL√âM: Obrigado pelo carinho, Paraenses. http://t.co/AQxt3egxx2 (via @BlogDoPim )",,False,Fri Oct 09 11:29:30 +0000 2015,119,652445778607230976
177,Twitter for iPhone,"Em document√°rio de 1975 Cid Moreira narra o FATO HIST√ìRICO do pr√© 64. Hoje, 2015, quanta SEMELHAN√áA ... https://t.co/duR6P0cQkr",,False,Tue Nov 03 09:30:15 +0000 2015,131,661475467657113600
165,Twitter for iPhone,RESERVAS IND√çGENAS - NOVOS PA√çSES DENTRO DO BRASIL. http://t.co/Fj38v2211K,,False,Wed Sep 02 12:36:23 +0000 2015,148,639054262555803648
208,Twitter for iPhone,PCdoB no Minist√©rio da Defesa. http://t.co/MjOA3Peoal,,False,Mon Mar 02 18:57:03 +0000 2015,260,572470691137753088
283,Twitter for iPhone,"Todos n√≥s, cidad√£os comuns vamos √†s ruas de nossos respectivos Estados. #15demarcoeuvou #BRASILACIMADETUDO http://t.co/HFl9jIPZJI",,False,Fri Mar 13 18:22:52 +0000 2015,269,576448355896827904
112,Twitter for iPhone,Projeto estipula crimes e penas p/ condutas praticadas contra c√£es e gatos! Vc votaria contra ou a favor a esse PL? http://t.co/QEVFMcMr6j,,False,Fri Apr 24 13:40:44 +0000 2015,55,591597643777847296
127,Twitter Web Client,"Fa√ßo hangout agora c/ @OdeCarvalho , @revoltadoonline e amigos. Siga ao vivo. https://t.co/fnMtAbeozw",,False,Mon Jul 27 02:02:50 +0000 2015,82,625486472339156992
167,Twitter for iPhone,DESARMAMENTISTAS PIRAM: @benebarbosa_mvb √© condecorado pela C√¢mara do Rio. http://t.co/gm0P9WC5CF (via @CarlosBolsonaro e @BlogDoPim ),,False,Wed Aug 05 21:48:33 +0000 2015,93,629046357395943424
113,Twitter for iPhone,BOLSONARO EM DEBATE NA R√ÅDIO DE PERNAMBUCO: rela√ß√µes internacionais e economia brasileira. https://t.co/GFDVIXXQYp (via @CarlosBolsonaro ),,False,Fri Nov 06 20:18:04 +0000 2015,61,662725657844035584
187,Twitter for iPhone,Relator da Reforma Pol√≠tica rejeita nossa emenda q propunha a impress√£o do voto p/ confer√™ncia em caso de poss√≠vel irregularidade. VERGONHA!,,False,Thu May 21 16:13:11 +0000 2015,169,601420480353013760
112,Twitter for iPhone,ALIAN√áA QUE VALE: Propus acordo Brasil/Jap√£o na √°rea cient√≠fica da pesquisa de biodiversidade. https://t.co/bQLo4Er1Ok,,False,Sun Jun 21 10:53:21 +0000 2015,49,612574018621698048
466,Twitter for iPhone,"Comiss√£o aprova redu√ß√£o da maioridade penal / Liana Friedenbach / PSOL, PT, PPS, PCdoB e Maria do Ros√°rio. http://t.co/gMP2b5owUG",,False,Tue Mar 31 17:39:20 +0000 2015,540,582960380198170624
707,Twitter for iPhone,ENTREGUE SUA ARMA: Os vagabundos e o PT agradecem. FACILITE AS INVAS√ïES DO MST. http://t.co/BjjwQOFouG,,False,Wed Feb 25 09:56:24 +0000 2015,440,570522693914767360
364,Twitter for iPhone,SEM LEGENDA! http://t.co/4NMUM14xEv,,False,Fri Aug 21 01:00:18 +0000 2015,213,634530433296924672
164,Twitter for iPhone,"Menos √≥dio, mais amor!!! https://t.co/YLEpV9MmVq",,False,Sat Nov 14 21:18:01 +0000 2015,82,665639849752436736
218,Twitter for iPhone,V√≠deo de 1minuto de hoje: Obrigado Fortaleza! Obrigado Nordeste! Parab√©ns Brasil. https://t.co/BmgnQuHTrB,,False,Mon Aug 17 01:11:18 +0000 2015,102,633083648263258113
94,Twitter Web Client,"BLOG FAM√çLIA BOLSONARO: Economia, rela√ß√µes internacionais brasileiras e muito mais. https://t.co/YbTqpOjCUn",,False,Mon Nov 09 17:29:53 +0000 2015,44,663770499403509760
278,Twitter Web Client,N√ÉO IMPORTA O VETO DA PRESIDANTA. VAMOS PRESSIONAR OS SENADORES! VIA BLOG FAM√çLIA BOLSONARO. https://t.co/Ouoh3SXjKi,,False,Thu Oct 15 15:55:11 +0000 2015,179,654686970271023106
233,Twitter for iPhone,"Bom final de semana pra vc, amig√£o! S√≥ pe√ßo mais amor, mais amor!!!! https://t.co/y01dOq3DCL",,False,Sat Nov 14 21:10:00 +0000 2015,69,665637828928397312
95,Twitter Web Client,O PT E A LIBERDADE DE IMPRENSA NO BRASIL: Bolsonaro fez declara√ß√£o no passado e o presente mostra a verdade. http://t.co/U84QsY4xrq,,False,Thu Mar 19 18:46:55 +0000 2015,95,578628736892960768
328,Twitter for iPhone,"Preparando-se para as Olimp√≠adas de ""2018"". üòÇüòÇüòÇ... http://t.co/LD8G13uYWR",,False,Sat May 30 14:53:50 +0000 2015,85,604662003739848704
516,Twitter for iPhone,AMANH√É S√ì UM GRITO EM FORTALEZA: #FORAPT http://t.co/Od9rxuGgK5,,False,Sat Aug 15 14:38:03 +0000 2015,297,632561898412765184
253,Twitter Web Client,E h√° idiotas que cr√™em que trata-se de uma conspira√ß√£o contra o PT. https://t.co/eZyYpvkJMb,,False,Fri Nov 06 13:41:04 +0000 2015,179,662625750290448384
316,Twitter for iPhone,NUNCA O BRASIL PRECISOU TANTO DE VOC√ä! http://t.co/ehiBXNfpRV,,False,Sat Sep 26 10:36:50 +0000 2015,268,647721485591777280
134,Twitter for iPhone,"Blog Fam√≠lia Bolsonaro: ""CRISE H√çDRICA"" E O FORO DE S√ÉO PAULO -  QUEM PAGA √â O CONTRIBUINTE / entenda. https://t.co/q2IipSRlSx",,False,Tue Dec 01 20:21:35 +0000 2015,66,671786241671696385
303,Twitter Web Client,@DepBolsonaro √© discriminado por @jeanwyllys_real em v√¥o da TAM. Imagine se fosse o contr√°rio. Veja o v√≠deo! http://t.co/xqgVodELwG,jairbolsonaro,False,Tue Apr 07 20:39:26 +0000 2015,354,585542421737529344
134,Twitter for iPhone,COL√âGIOS MILITARES: UM EXEMPLO PARA A EDUCA√á√ÉO! Veja o q pensa e o q faz o governo diante desta constata√ß√£o: http://t.co/xDRZvoj9d9,,False,Fri Jun 19 10:21:33 +0000 2015,98,611841237042262016
722,Twitter Web Client,CANALHA EDI√á√ÉO DO CQC: Veja no v√≠deo o que vai ao ar e como √© a entrevista na √≠ntegra. Obs: filmamos s/ o CQC saber. https://t.co/tUGPkOh8nI,,False,Wed Nov 11 10:21:10 +0000 2015,555,664387381009784832
438,Twitter for iPhone,"Hoje √© anivers√°rio do meu segundo garoto, o vereador @CarlosBolsonaro . Um grande abra√ßo de seu pai! https://t.co/vNt1I71nI7",,False,Mon Dec 07 12:00:02 +0000 2015,50,673834347754086400
40,Twitter for iPhone,@ptbrasil e @HumanizaRedes sinalizam pela legaliza√ß√£o da pedofilia. https://t.co/5r5ws2HfdW,ptbrasil,False,Wed Jul 15 11:56:26 +0000 2015,31,621287201607942145
223,Twitter for iPhone,A VOLTA DOS JUSTI√áAMENTOS? - CASO CELSO DANIEL: ex-guerrilheira Dilma fala sobre dela√ß√µes na Lava-Jato. http://t.co/tnytmq6Byb,,False,Mon Jul 06 19:06:54 +0000 2015,210,618134042647633920
223,Twitter for iPhone,"Numa vergonhosa sess√£o, em 2/11/13,foi ""APAGADO""da Hist√≥ria,a VERDADE sobre 31/03/64.Ent√£o os torturei...c/verdades. http://t.co/NqH0zczNfw",,False,Sun Sep 27 20:33:07 +0000 2015,153,648233932056567809
103,Twitter for iPhone,"BASE D LAN√áAMENTO D M√çSSEIS D ALC√ÇNTARA/IDEOLOGIA: Ontem,acordo Brasil/Ucr√¢nia por ser aliada da ex-URSS, hj c/rompimento, jogada √†s tra√ßas.",,False,Thu Jul 30 00:51:00 +0000 2015,53,626555555851669504
138,Twitter for iPhone,Um abra√ßo Natan!!! https://t.co/lWmFnc3Vop,,False,Sat Nov 14 21:20:31 +0000 2015,39,665640476985442305
286,Twitter for iPhone,https://t.co/cWGojqevJz (VOC√ä AINDA ACHA QUE AS ARMAS PARA O PT EVITAR O IMPEACHMENT S√ÉO AS LEIS E CONSTITUI√á√ÉO? https://t.co/lCGoOOVSsP,,False,Tue Dec 15 20:55:23 +0000 2015,232,676868175095558149
358,Twitter for iPhone,Agora vem pro twitter! Seja bem vinda! https://t.co/RzhmrwhqJD,,False,Sat Nov 14 21:10:46 +0000 2015,199,665638025192456193
227,Twitter for iPhone,CORONEL ‚Äì CARLOS ALBERTO BRILHANTE USTRA ‚Äì UM HER√ìI: http://t.co/HUxzMzeVjl,,False,Fri Oct 16 11:33:42 +0000 2015,112,654983553051152384
273,Twitter for iPhone,"Z√â DIRCEU PEDIR√Å QUAL M√öSICA P/ O FANT√ÅSTICO? Preso no Regime Militar, no Mensal√£o e agora no Petrol√£o. http://t.co/oLw7h8uMBD",,False,Mon Aug 03 14:15:01 +0000 2015,256,628207446914400256
262,Twitter for iPhone,ALERTA AO MP: Exercer a fun√ß√£o parlamentar vai al√©m d aprovar projetos; tb √© denunciar sobre males q enfrentamos. https://t.co/FC8fj1fFc2,,False,Tue Dec 15 15:01:35 +0000 2015,102,676779140238979072
103,Twitter for iPhone,"PORTE DE ARMAS PARA A GUARDA MUNICIPAL: Antes de tirar suas conclus√µes, pe√ßo leitura para entendimento! https://t.co/EoE7Abp2w5",,False,Tue Oct 06 00:38:07 +0000 2015,45,651194691786948608
356,Twitter for iPhone,Urna eletr√¥nica: Vamos acabar com essa farsa! Estamos fazendo nossa parte! http://t.co/MUkAVHqmwN,,False,Tue May 05 13:25:48 +0000 2015,405,595580151615909888
339,Twitter for iPhone,Boa ironia!!! https://t.co/3QRnfeBCvW,,False,Tue Dec 15 00:03:40 +0000 2015,182,676553173088280576
393,Twitter for iPhone,"(S√°bado-21/11/2015), √†s 9h, na Brigada Paraquedista no RJ. Ser√° um prazer encontra-lo l√°! BRASIL ACIMA DE TUDO! https://t.co/tvhgsroN1f",,False,Sat Nov 21 01:15:51 +0000 2015,98,667874029068541952
238,Twitter for iPhone,O choro √© livre! At√© 2018. https://t.co/Z9Lj9113Zu,,False,Sat Nov 14 20:12:11 +0000 2015,111,665623282255831041
316,Twitter for iPhone,CAMINHADA COPACABANA(15/03): Agrade√ßo a todos a confian√ßa que t√™m depositado em nosso trabalho. #BRASILN√ÉO√âCUBA http://t.co/btezp5BtKv,,False,Sun Mar 15 18:43:34 +0000 2015,230,577178338655076352
208,Twitter for iPhone,"""A VIDA SECRETA DE FIDEL"" - p√°g143: CERTOS ARTISTAS, JORNALISTAS E POL√çTICOS IDOLATRAM FIDEL. PQ? As respostas. https://t.co/yo5Jsjd51X",,False,Wed Dec 23 21:20:46 +0000 2015,169,679773666536734721
1004,Twitter for iPhone,"""O MARACAN√É √â NOSSO!"" #Palmeiras #Verd√£o https://t.co/DjlRmUYXTQ",,False,Sun Dec 06 19:51:58 +0000 2015,557,673590726127706113
468,Twitter for iPhone,"Jair Bolsonaro: VOTO IMPRESSO, 2018 sem fraudes. https://t.co/ke7kEkwPOe",,False,Thu Nov 19 15:27:33 +0000 2015,301,667363588131201024
311,Twitter for iPhone,Papa diz q palmada √© aceit√°vel. Contagem regressiva p/ imbecis dizerem q Pont√≠fice √© a favor d espancamento d crian√ßa http://t.co/OOuY0wfGB5,,False,Fri Feb 06 11:26:58 +0000 2015,284,563660116999020545
91,Twitter for iPhone,- Presidanta assina acordo ( http://t.co/7E1NRcd1JA ) q poder√° dificultar mais ainda o com√©rcio de armas no Brasil. http://t.co/nKb1WWyzhN,,False,Wed Jul 08 19:52:24 +0000 2015,73,618870267243298816
209,Twitter for iPhone,OU ACABAMOS C/ O PT OU O PT ACABA C/ A FAM√çLIA. Assista: https://t.co/s3WMK1TfZg  / A FAM√çLIA SEGUNDO MARXISTAS. http://t.co/QH9cLRG43z,,False,Wed Sep 09 21:25:45 +0000 2015,140,641724196880523264
187,Twitter for iPhone,DISCURSO (3min): POLICIAL MILITAR HER√ìI √â TRATADO COMO MARGINAL. http://t.co/JImzHJng7C,,False,Thu Jun 25 21:25:32 +0000 2015,112,614182661180026880
99,Twitter for iPhone,O COMANDANTE DO EX√âRCITO E O RESGATE DOS VALORES. Clique no link e assista: https://t.co/ZJPrebzsIO,,False,Fri Sep 25 15:10:46 +0000 2015,83,647428035457744896
352,Twitter for iPhone,Hj √© meu anivers√°rio e ver os filhos crescendo √© o melhor presente! @flaviobolsonaro @carlosbolsonaro @bolsonarosp http://t.co/9gzaLTpGSl,,False,Sat Mar 21 13:39:21 +0000 2015,107,579276111181422592
190,Twitter for iPhone,"""DOLEIRO YOUSSEF CITA BOLSONARO NO PETROL√ÉO"" - VEJA O V√çDEO DE 21 SEGUNDOS: https://t.co/MbS23v6vNT",,False,Mon Jul 13 20:26:54 +0000 2015,112,620690890286346241
228,Twitter for iPhone,BOLSONARO √â RECEPCIONADO NO AEROPORTO DE CUIAB√Å E TEM A OPORTUNIDADE DE FALAR AOS MATO GROSSENSES. https://t.co/Yb5fBTzgk7,,False,Thu Nov 12 23:39:40 +0000 2015,107,664950718223265793
162,Twitter for iPhone,CONTINUAMOS NO G-4: Instituto PARAN√Å PESQUISAS divulgou nova rodada d inten√ß√µes de votos p/ PRESIDENTE DA REP√öBLICA. http://t.co/6ZUKdgaA7r,,False,Fri Aug 28 18:30:24 +0000 2015,66,637331411540799489
214,Twitter for iPhone,Quinta e sexta-feira estarei visitando Cuiab√°-MT. Segue nossa agenda! Ser√° um prazer encontr√°-lo! https://t.co/P75eHsvVte,,False,Wed Nov 11 20:06:50 +0000 2015,71,664534771528310784
112,Twitter for iPhone,GRANDE SATISFA√á√ÉO E VERDADES: Rede Nordeste de R√°dio entrevista Bolsonaro. http://t.co/elLru9UHo5,,False,Sun Jul 26 10:08:43 +0000 2015,48,625246359449391106
435,Twitter for iPhone,VOTO IMPRESSO AO LADO DA URNA ELETR√îNICA - EMENDA 10 - autor: JAIR BOLSONARO. http://t.co/1xESYafYbb,,False,Tue Jun 02 14:24:19 +0000 2015,413,605741741468196864
173,Twitter for iPhone,Um abra√ßo Ana!!! https://t.co/vw0KaJEXyC,,False,Sat Nov 14 21:21:07 +0000 2015,29,665640629695848453
189,Twitter for iPhone,Como dizemos h√° tempos: Pacto c/ pa√≠ses q comp√µem Foro de SP impossibilita Brasil d com√©rcio bem sucedido. http://t.co/8RJ7li2ZuJ,,False,Tue Oct 06 09:42:25 +0000 2015,142,651331669845254144
147,Twitter Web Client,"BLOG FAM√çLIA BOLSONARO: ""Governo desenvolve legalidade para dar riquezas e territ√≥rio nacional a estrangeiros"". http://t.co/uA4BTpCLqM",,False,Mon Oct 19 11:13:32 +0000 2015,84,656065639178752000
103,Twitter for iPhone,(Jornal ODia: http://t.co/vbEgdcoIFr ) REAJUSTE P/ MILITARES - O CAPACETE E O PENICO. http://t.co/IE1Hh9tS7j,,False,Sat Aug 01 21:42:05 +0000 2015,85,627595180036747269
415,Twitter for iPhone,"Cunha arquiva nosso pedido d Impeachment mas protocolamos recurso e, por ironia do destino, o caminho fica + curto. http://t.co/kpS3Y8VmzK",,False,Thu Oct 08 16:39:09 +0000 2015,314,652161318166728705
109,Twitter for iPhone,NOVIDADE: PORTE DE ARMA AGENTES PENITENCI√ÅRIOS / ATIRADORES E CA√áADORES / CIVIS. http://t.co/nBGkO4c3cM,,False,Mon Mar 30 23:37:43 +0000 2015,84,582688184938704896
73,Twitter for iPhone,Mais amor.... e coer√™ncia! üòÇüòÇüòÇ https://t.co/90hn71hvbQ,,False,Sat Nov 14 20:26:53 +0000 2015,18,665626981564817408
263,Twitter Web Client,"E h√° idiotas q creem √± existir a uni√£o destes em prol d seus ideais, roubando o er√°rio d seu cidad√£o. #ForaForoDeSP https://t.co/0oxYl5Yl7B",,False,Mon Dec 07 13:26:04 +0000 2015,145,673855997912457217
102,Twitter for iPhone,"L√≥gica e bom senso nada tem a ver com adivinha√ß√µes. Complicado mas um dia vc ""pesca""! https://t.co/wREnrYKnxY",,False,Sat Nov 14 20:43:05 +0000 2015,33,665631058008911878
156,Twitter for iPhone,"No 5‚Ä¢ Congresso Nacional do PT, no item 157, o partido determina como meta a cassa√ß√£o de Bolsonaro. http://t.co/j1rQCyiKjB",,False,Thu Apr 16 19:36:39 +0000 2015,194,588788109195800576
286,Twitter for iPhone,"Hoje almocei com o General Augusto Heleno, Ex-Comandante do Comando Militar da Amaz√¥nia. üáßüá∑üáßüá∑üáßüá∑ http://t.co/cz3qa7Pmt6",,False,Mon Sep 14 18:46:50 +0000 2015,86,643496140822966272
277,Twitter Web Client,O PT quer censurar a internet via CPI dos Crimes Cibern√©ticos. A presidente @MarianaPSDB repele estes oportunistas. https://t.co/tjZ5K5tjcK,,False,Thu Oct 29 18:21:09 +0000 2015,237,659797131805503488
266,Twitter for iPhone,"Tipo VERDADES! Sacanagem, n√©?! https://t.co/JBMSyXLqJB",,False,Sat Nov 14 20:26:18 +0000 2015,128,665626832109215745
672,Twitter for iPhone,BOLSONAROFOBIA. https://t.co/mjZTqkMGS8,,False,Fri Dec 18 18:08:47 +0000 2015,390,677913411888545793
62,Twitter Web Client,BOLSONARO TERIA DITO Q MULHERES T√äM Q GANHAR MENOS Q HOMENS? Os mal intencionados em a√ß√£o. http://t.co/dl2g6YiClP (Via @VerBolsonaro ),,False,Tue Mar 03 16:00:34 +0000 2015,46,572788667586109441
125,Twitter for iPhone,"Recente absolvi√ß√£o d @CarlosBolsonaro, √± cabendo + recurso, em caso LGBT √± tem espa√ßo algum nos meios d comunica√ß√£o! http://t.co/ie7yfuyVTr",,False,Tue Apr 14 19:40:15 +0000 2015,87,588064241644654594
280,Twitter for iPhone,"O ""CAPIT√ÉO"" DO PT E O CAPIT√ÉO DO EX√âRCITO. http://t.co/bBtVII4ToW",,False,Tue Aug 04 00:39:53 +0000 2015,203,628364697537019905
173,Twitter for iPhone,ENDIREITA BRASIL! Hoje fiz pronunciamento demonstrando minha aproxima√ß√£o com o PSC. Contudo vc decidir√° o futuro. http://t.co/fbRctS1HQM,,False,Wed Sep 30 00:24:14 +0000 2015,56,649016871208026112
247,Twitter for iPhone,Meus garotos! üòÇüëåüáßüá∑ https://t.co/k7hN4oKbmy,,False,Thu Nov 19 00:35:07 +0000 2015,70,667139000294076416
23,Twitter for iPhone,@PgmSilvioSantos citou meu nome relacionando √† proibi√ß√£o d mulheres d usarem trajes curtos. Inoc√™ncia dele! Nada tenho a ver c/ tal bobeira.,PgmSilvioSantos,False,Mon Sep 14 12:20:30 +0000 2015,5,643398918336851968
134,Twitter for iPhone,Gostei da ideia. Pensarei no seu conselho. Obrigado! https://t.co/osSi9Oskei,,False,Sat Nov 14 20:36:33 +0000 2015,43,665629413585866752
206,Twitter for iPhone,Condena√ß√£o em primeira inst√¢ncia por entendimento de exist√™ncia de ofensas a grupos LGBT cabe recurso e estamos muito tranquilos! üëç,,False,Tue Apr 14 19:34:23 +0000 2015,67,588062763676782592
117,Twitter for iPhone,DIlma entra em campo contra a redu√ß√£o da maioridade penal. Entenda o motivo: http://t.co/ZVNrd48Diz,,False,Fri Jun 05 10:38:48 +0000 2015,107,606772148804435968
271,Twitter for iPhone,"PEDIDO DE IMPEACHMENT: Pe√ßo aos q nos acompanham a assinatura eletr√¥nica no pedido de impeachment da ""Presidente"" üáßüá∑. http://t.co/ExaqjQXeZd",,False,Wed Sep 16 09:37:48 +0000 2015,235,644082749356277760
63,Twitter for iPhone,A resposta da professora das filhas de Ver√≠ssimo ao cachorrinho q virou pitbull d quadrilheiro. http://t.co/399MfffHqf (Via @augustosnunes ),,False,Wed Sep 02 18:28:43 +0000 2015,35,639142929500647428
797,Twitter for iPhone,"Nessa semana representarei no MP, o l√≠der do PCB e professor da UFRJ - Mauro Iasi - q prega o fuzilamento daqueles q s√£o contra o comunismo!",,False,Sun Oct 18 14:30:37 +0000 2015,588,655752850702757889
202,Twitter for iPhone,Bacana circular na C√¢mara dos Deputados e sentir q a garotada demonstra carinho a nosso trabalho! C/ @BolsonaroSP http://t.co/2egNPpA9rW,,False,Wed May 13 14:11:49 +0000 2015,97,598490835991339008
192,Twitter for iPhone,Campo Grande /MS aplaude e pede Jair Bolsonaro presidente! http://t.co/DjHgrFIOOj,,False,Wed Apr 22 21:46:18 +0000 2015,97,590995065104916482
674,Twitter for iPhone,"Feliz por conversar alguns min. c/ Sara Winter no telefone. As pessoas mudam e, pelo conversado, hj ela √© m√£e e se arrepende de mtas coisas.",,False,Fri Dec 18 00:26:02 +0000 2015,323,677645962467254272
240,Twitter for iPhone,"A urna eletr√¥nica √© uma farsa q garante a manuten√ß√£o dos interessados no poder. Se √± fosse por isso, √± seria pauta dos pa√≠ses do Foro de SP!",,False,Thu May 21 16:14:36 +0000 2015,226,601420840677330944
405,Twitter Web Client,Frase de Bolsonaro antes das elei√ß√£o de 2014 que reelegeu Dilma Rousseff (PT). http://t.co/jwwHVXgMid,,False,Wed Oct 14 14:44:10 +0000 2015,286,654306710643802112
385,Twitter for iPhone,O VOTO IMPRESSO EST√Å PARA O PT ASSIM COMO A KRYPTONITA EST√Å PARA O SUPER-HOMEM. O q aconteceu e o q pode acontecer. http://t.co/MuwjbRjFrB,,False,Wed Sep 30 14:51:44 +0000 2015,306,649235182642462720
198,Twitter for iPhone,FIM √Ä DOUTRINA√á√ÉO IDEOL√ìGICA NA EDUCA√á√ÉO: Projetos de Lei 867/14- @CarlosBolsonaro e 2974/14- @FlavioBolsonaro no RJ. Luta dif√≠cil q segue!,,False,Wed Oct 07 19:11:54 +0000 2015,116,651837370095005696
119,Twitter for iPhone,Formatura de Sargentos da Aeron√°utica (Guaratinguet√°-SP). Com o Deputado Federal @BolsonaroSP . http://t.co/LSVGIDirvG,,False,Fri Jun 19 22:35:56 +0000 2015,25,612026053146607616
181,Twitter for iPhone,DISCURSO: DECRETO 8515 -  MARXISMO NAS FOR√áAS ARMADAS. https://t.co/8GMLOo54EA,,False,Wed Sep 09 09:39:18 +0000 2015,167,641546410429677568
150,Twitter for iPhone,"NO NORTESTE: Quixad√°, Fortaleza, reuni√µes c/ empres√°rios do Centro Industrial do Cear√°, militares e encontros c/ integrantes d Movimentos...",,False,Sat Aug 15 14:32:02 +0000 2015,68,632560382620643328
146,Twitter for iPhone,ARMA DE FOGO/ DIREITO DE DEFESA: Minha opini√£o publicada pelo @JornalOGlobo e comentada por @Rconstantino . http://t.co/oX0OBN9Ad8,,False,Mon Apr 20 20:28:59 +0000 2015,109,590250832966373376
215,Twitter for iPhone,FOR√áAS ARMADAS SENDO ESCORRA√áADAS PELO PT. ISSO TEM QUE MUDAR! https://t.co/4HnslwSQpU,,False,Thu Oct 01 20:18:47 +0000 2015,174,649679875238985728
129,Twitter Web Client,TRIPLO‚ÄúA‚Äù: Gigantesco ‚Äúcorredor ecol√≥gico‚Äù d 130milh√µes d hectares √© nova amea√ßa √† soberania brasileira na Amaz√¥nia. https://t.co/dsBCoW0R0G,,False,Tue Dec 01 16:59:59 +0000 2015,66,671735506829463554
125,Twitter Web Client,FAM√çLIA BOLSONARO MAIS UMA VEZ IMPEDE Q PROJETO Q PROIBE MOTOS DE CIRCULAREM ENTRE CARROS SEJA APROVADO. ENTENDA:  http://t.co/TPVVw03NP1,,False,Tue Jun 30 13:47:41 +0000 2015,43,615879379709751297
103,Twitter for iPhone,"Comandante Militar do Sul, General Mour√£o, em entrevista ao programa ""Pampa Debates"". V√≠deo de 23 segundos: https://t.co/LtwFPPGGul",,False,Tue Aug 11 11:01:08 +0000 2015,59,631057759295938561
95,Twitter for iPhone,"ESTATUTO DO DESARMAMENTO: Not√≠cia falsa s/ ""retrata√ß√£o"" dada por telejornal de grande import√¢ncia. http://t.co/8NDxJ9GTqB (Via @BlogDoPim )",,False,Wed Apr 15 21:02:31 +0000 2015,91,588447331865010177
351,Twitter for iPhone,"Governo quer volta da CPMF alegando investimento no Mais M√©dicos: 60% p/os Castro e 40% p/o ""profissional"". VIVA CUBA, PAGUE SEMPRE BRASIL!",,False,Fri Aug 28 11:11:58 +0000 2015,363,637221076435619840
84,Twitter for iPhone,"As hj ""NA√á√ïES IND√çGENAS"", c/ a coniv√™ncia do Governo brasileiro, poder√£o logo ser novos pa√≠ses. http://t.co/cqHMWfbVL7 (via @BolsonaroSP )",,False,Tue Oct 13 23:45:31 +0000 2015,42,654080555521327104
84,Twitter for iPhone,üëçüëçüëçüáßüá∑üáßüá∑üáßüá∑ https://t.co/O8vmwnCdDt,,False,Sun Aug 09 01:10:05 +0000 2015,23,630184237006778369
162,Twitter for iPhone,"Sinal que ela se valoriza por seu car√°ter, √± por op√ß√£o sexual! Simples e inteligente assim! Abra√ßo s/ preconceito! https://t.co/Q8TyIYg0GA",,False,Sat Nov 14 20:38:04 +0000 2015,73,665629796521627648
209,Twitter for iPhone,Hererofobia! Processo nele!!! https://t.co/H8Q7MsKxEF,,False,Sat Nov 14 21:13:56 +0000 2015,127,665638818998013953
192,Twitter for iPhone,"C/@BolsonaroSP :FORMATURA NA ESCOLA DE ESPECIALISTAS DE AERON√ÅUTICA ‚ÄìPARAB√âNS AOS 564 SARGENTOS, SENDO 190 MULHERES. https://t.co/26n1Kbj8Rk",,False,Fri Nov 27 18:20:40 +0000 2015,48,670306259623616512
267,Twitter for iPhone,"07/SET - INDEPEND√äNCIA e LIBERDADE - Atendendo ao povo, o Congresso cassou Jo√£o Goulart em 02/04/1964. http://t.co/HHqByRgUm1",,False,Mon Sep 07 17:13:57 +0000 2015,157,640936052941791232
187,Twitter for iPhone,Ser√° um prazer!!! Um grande abra√ßo! https://t.co/j4Ufv0Mtqx,,False,Sat Nov 14 20:31:19 +0000 2015,35,665628097815912448
259,Twitter for iPhone,Como desmascarar a petista √ârika Kokay! (C/ @BolsonaroSP @PastorMalafaia e @BlogDoPim ). http://t.co/wPqSkLR9Mg,,False,Fri Jun 26 12:45:14 +0000 2015,172,614414112530034688
76,Twitter for iPhone,VALE A PENA CONFERIR: Entrevista dada a BBC de Londres: (√≠ntegra: http://t.co/TytGwzsAtw ) - principais t√≥picos: http://t.co/q6qkfze5P9,,False,Thu Jun 18 17:41:31 +0000 2015,58,611589573618102272
155,Twitter for iPhone,Aprovado projeto q torna hediondo crime contra a vida d Agentes d Seguran√ßa. Nosso racioc√≠nio. C/ @BolsonaroSP : http://t.co/uTu1SFRoyH,,False,Thu Mar 26 19:57:03 +0000 2015,111,581183099268120576
229,Twitter for iPhone,Mais da Caminhada de Copacabana (15/03): #BRASILN√ÉO√âCUBA . @VerBolsonaro e @FlavioBolsonaro http://t.co/yBeKTlFa5a,,False,Sun Mar 15 20:36:51 +0000 2015,146,577206848656449536
158,Twitter for iPhone,Onde est√° o amor? https://t.co/KrlpBajiIW,,False,Sat Nov 14 20:49:02 +0000 2015,59,665632552749805568
85,Twitter for iPhone,"COM A PALAVRA, PR√â-CANDIDATA √Ä PRESID√äNCIA DOS EUA,  PELO PARTIDO REPUBLICANO, CARLY FIORINA. VALE A PENA CONFERIR. http://t.co/7hBQCKbk5w",,False,Thu Aug 06 20:05:46 +0000 2015,48,629382880674738180
251,Twitter for iPhone,POVO ARMADO √â POVO LIVRE. http://t.co/y7KnEgdcWs,,False,Fri Apr 17 20:56:53 +0000 2015,222,589170691678810112
344,Twitter for iPhone,"Z√© Dirceu muda de ideia e pede a m√∫sica ""THE PRISONER"" do Iron Maiden. http://t.co/ZnZFGh7M9i",,False,Mon Aug 03 14:30:47 +0000 2015,268,628211413702569985
225,Twitter for iPhone,EDUARDO BOLSONARO APRESENTA PROJETO DE EMENDA √Ä CONSTITUI√á√ÉO QUE GARANTE LIBERDADE DA INTERNET. http://t.co/8UAIkGYoc7,,False,Mon Aug 24 23:25:34 +0000 2015,145,635956143286824960
149,Twitter for iPhone,Claro. Um grande abra√ßo! https://t.co/CIGeOBgNlM,,False,Sat Nov 14 21:03:00 +0000 2015,30,665636071091347456
86,Twitter Web Client,"BRASIL DO PT, PSOL e PCdoB: Bolsonaro √© tachado de homof√≥bico por quem se cala, consentindo c/ este tipo d barb√°rie. http://t.co/no6g1CimLD",,False,Tue Feb 03 16:37:07 +0000 2015,104,562651003095621632
562,Twitter for iPhone,"@RachelSherazade √© uma das poucas profissionais q hj cumprem o papel imparcial do jornalismo brasileiro, mesmo q isso custe sua paz! For√ßa!",RachelSherazade,False,Thu Apr 16 16:58:53 +0000 2015,377,588748408409739264
154,Twitter for iPhone,"Mais amor, por favor! https://t.co/u5pVe9VkRO",,False,Sat Nov 14 20:11:45 +0000 2015,58,665623173916962816
220,Twitter for iPhone,G1 ( https://t.co/p8agg5YcJV ) mostra pesquisa presidencial e OGLOBO ( https://t.co/rVsOYwQWuE ) faz a mesma mat√©ria retirando meu nome. PQ?,,False,Sun Dec 20 09:29:10 +0000 2015,121,678507424920313856
87,Twitter for iPhone,"CONTRA A FAL√ÅCIA DOS CANALHAS, SEMPRE OS FATOS... https://t.co/HqKDHpmKOg",,False,Tue Aug 04 18:07:31 +0000 2015,39,628628347166310400
107,Twitter for iPhone,Hoje - 19h - Par√≥quia Imaculada Concei√ß√£o (Taguatinga-DF) c/ participa√ß√£o do Padre Paulo Ricardo e Jair Bolsonaro. Voc√™ est√° convidado!,,False,Thu Oct 22 16:28:43 +0000 2015,38,657232121099063296
182,Twitter for iPhone,Se prepara que logo ele pode ir pra Bras√≠lia pra vc ficar mais feliz! Abra√ßo H√©tero! https://t.co/24YiaiHyav,,False,Sat Nov 14 19:58:05 +0000 2015,62,665619733350346752
68,Twitter Web Client,BLOG FAM√çLIA BOLSONARO: A falta d'√°gua no Brasil √© um antigo problema anunciado. http://t.co/4CGphwJu58,,False,Sun Jan 25 10:03:10 +0000 2015,69,559290372103630848
321,Twitter for iPhone,"Hj a pior fase econ√¥mica e social e, ""pesquisa"" mostra Dilma recuperando popularidade. Opini√£o P√∫blica ou Publicada? https://t.co/rVsOYwQWuE",,False,Sun Dec 20 09:18:29 +0000 2015,204,678504734601424896
339,Twitter for iPhone,"A TV Record dedicou 16min. √† minha passagem por Jo√£o Pessoa-PB. Comece assistindo, tenho certeza q vc ir√° at√© o fim. https://t.co/zQZSjape5m",,False,Mon Nov 23 19:24:23 +0000 2015,184,668872741160886272
116,Twitter for iPhone,BOLSONAROS EM CHAPEC√ì-SC: c/ @BolsonaroSP . http://t.co/LBmtL1skXB,,False,Thu Aug 06 21:58:29 +0000 2015,26,629411245423247360
894,Twitter for iPhone,"Aprovada no Senado emenda de nossa autoria que cria o voto impresso ao lado da urna eletr√¥nica... c/posi√ß√£o contr√°ria do PT, √© claro!",,False,Thu Sep 03 14:56:05 +0000 2015,663,639451805957685248
476,Twitter for iPhone,PIXULEQUINHOS NO PLEN√ÅRIO DA C√ÇMARA DOS DEPUTADOS. Homenagem prestada pelo @revoltadoonline . Com @BolsonaroSP . http://t.co/FiPettzWg6,,False,Thu Sep 10 00:29:41 +0000 2015,384,641770484779089920
270,Twitter for iPhone,"Jair Messias Bolsonaro D√Å AULA DE VERDADES P/ A ESQUERDA, FEMINISTAS E ""MOVIMENTOS SOCIAIS"". https://t.co/3dH4BHdCtN (via @CarlosBolsonaro )",,False,Fri Dec 11 11:42:17 +0000 2015,118,675279434530820096
269,Twitter for iPhone,CONDENADO POR HOMOFOBIA? - DESTRUI√á√ÉO DE REPUTA√á√ÉO. http://t.co/JTjn8Zam5X,,False,Thu Apr 16 10:55:46 +0000 2015,190,588657026449965056
180,Twitter for iPhone,Palestra e bate papo na Faculdade Pinheiro Guimar√£es (Catete / Rio de Janeiro-RJ). https://t.co/l5rDNkTID5,,False,Mon Nov 02 12:56:33 +0000 2015,48,661164996328628224
85,Twitter for iPhone,"ELEI√á√ïES 2018 ‚Äì PARAN√Å PESQUISAS:
 + um instituto d pesquisa vai √†s ruas e √± leva nome d Bolsonaro em considera√ß√£o. http://t.co/1wOVuoZGAK",,False,Wed Jun 24 21:06:23 +0000 2015,51,613815456022048770
94,Twitter for iPhone,"Amanh√£ (10h) em Resende-RJ, na Academia Militar das Agulhas Negras c/meus moleques; @BolsonaroSP @FlavioBolsonaro e @CarlosBolsonaro",,False,Fri Aug 21 23:11:49 +0000 2015,21,634865520307662848
128,Twitter for iPhone,PSDB e PT: O Brasil merece mais que estes governos. Cita√ß√µes de Bolsonaro e @OdeCarvalho http://t.co/YxDpt2CLs9,,False,Thu Feb 05 15:59:56 +0000 2015,138,563366422014099456
242,Twitter for iPhone,PORQUE O PT ODEIA TANTO OS EUA E A DIREITA: Via @BlogDoPim (fonte: http://t.co/i7OeuY3Lh6 ) http://t.co/Bcy0emwMMm,,False,Sat May 16 19:52:25 +0000 2015,238,599663715630317568
94,Twitter for iPhone,Seria c√¥mico sen√£o fosse tr√°gico! Tem raz√£o! https://t.co/5O6De9jmXg,,False,Sat May 23 21:24:21 +0000 2015,63,602223566768250880
107,Twitter for iPhone,RESUMO DA VISITA DE BOLSONARO AO PAR√Å. http://t.co/jcIzIYAppa (via @CarlosBolsonaro ),,False,Sat Oct 10 23:06:07 +0000 2015,46,652983475423809536
123,Twitter for iPhone,Hoje compareci √† solenidade de entrega de espadins para 230 cadetes da Academia de Pol√≠cia do Barro Branco-SP. http://t.co/0i6ZxvyiE0,,False,Sat May 23 22:02:27 +0000 2015,34,602233155492421633
148,Twitter for iPhone,"PLANEJAMENTO FAMILIAR OU MAIS ELEITORES PARA O FUTURO? Pequeno c√°lculo mostra poss√≠vel ""futuro"" sombrio. http://t.co/7s8MMIqTjk",,False,Mon Jul 13 13:21:39 +0000 2015,82,620583870019313666
272,Twitter for iPhone,Sabemos q a Esquerda mentir √± √© novidade mas √© preciso desmascar√°-los p/ q vc √± seja manipulado. https://t.co/T3Y3kuNBIU (Via @BlogDoPim ),,False,Tue Aug 04 22:13:35 +0000 2015,185,628690270536777728
133,Twitter for iPhone,Hj estive no Ato em Solidariedade aos Familiares e Agentes de Seguran√ßa P√∫blica assassinados no Brasil. Entenda: http://t.co/D1jtWtkb8A,,False,Wed Feb 25 23:19:22 +0000 2015,101,570724765759107072
168,Twitter Web Client,ESTATUDO DO DESARMAMENTO: OS VAGABUNDOS AGRADECEM. http://t.co/8sEwDGVuw2,,False,Thu Sep 17 11:46:53 +0000 2015,124,644477621917609984
249,Twitter for iPhone,"Mais amor, por favor! https://t.co/POhrOi3RPq",,False,Sat Nov 14 21:21:38 +0000 2015,122,665640758905593856
346,Twitter for iPhone,CHAPEC√ì-SC: agrade√ßo a todos o carinho e respeito. N√ÉO SOU UM EX√âRCITO DE UM HOMEM S√ì! SOMOS BRASIL! http://t.co/pISrRUHICZ,,False,Fri Aug 07 23:02:22 +0000 2015,185,629789709485670400
118,Twitter for iPhone,"RJ: √ë basta aux√≠lio-reclus√£o e alto custo p/ manter um marginal preso, ter√£o tb o vale-transporte. http://t.co/JDKs8RaetL (Via @BlogDoPim )",,False,Sat Jun 13 00:36:14 +0000 2015,114,609519613517414400
122,Twitter for iPhone,PT &amp; PSDB: http://t.co/727stvGZOt,,False,Wed Jun 10 17:44:34 +0000 2015,106,608691237302988800
395,Twitter for iPhone,"Entrada d estrangeiros, s/qualquer controle, permite q infiltrados (ESC√ìRIA) levem terror p/ o seio dos acolhedores. https://t.co/6BpWLKZBxa",,False,Sat Nov 14 16:30:50 +0000 2015,226,665567575867265025
320,Twitter for iPhone,"Somente no governo M√©dici construiu-se 15 usinas, s/ q qualquer General tivesse enriquecido. E hj, 29 anos depois? https://t.co/iyjS1ChK9Z",,False,Wed Nov 11 13:47:02 +0000 2015,228,664439189337980928
152,Twitter for iPhone,FATOS X FAL√ÅCIA: Armamento civil nos EUA faz criminalidade despencar - (Entenda). http://t.co/dj3cVyU7UL,,False,Thu Jul 23 13:37:40 +0000 2015,119,624211780181606401
282,Twitter for iPhone,"BOA IRONIA: Para terem direito d protestarem em rodovias, caminhoneiros se disfar√ßam de MST. https://t.co/Hn1IMCu2ox (via @JoselitoMuller3 )",,False,Thu Nov 12 16:26:56 +0000 2015,198,664841818752856065
214,Twitter for iPhone,"1964 e HOJE: Comandante terrorista conta como assaltava, e matava c/ Jos√© Dirceu. (Fonte: http://t.co/1NoPxNqi16 ). http://t.co/zgYioU3IqW",,False,Sun May 17 12:46:15 +0000 2015,258,599918854010228736
92,Twitter for iPhone,üòÇüòÇüòÇ https://t.co/rKWRYhlmmk,,False,Thu Jun 18 00:31:31 +0000 2015,39,611330362489311233
9,Twitter for iPhone,@reaganreaca jogar p/ a plat√©ia e √± conseguir avan√ßar √± ter√≠amos sucesso junto c/ a maioria p/ aprova√ß√£o! Fato vis√≠vel!,,False,Tue May 05 13:32:09 +0000 2015,5,595581750740418560
119,Twitter for iPhone,Bolsonaro √± tem acordo sobre poss√≠vel candidatura √† vice-presid√™ncia c/ qualquer pessoa. √ë caiam em especula√ß√µes! http://t.co/Os8kzhT3NJ,,False,Sat May 09 19:26:09 +0000 2015,44,597120388485767168
105,Twitter for iPhone,"MARX, CH√ÅVEZ, FIDEL.... todos eles juntos at√© o fim! http://t.co/CKC6XNbBGB",,False,Thu Jul 30 15:05:17 +0000 2015,61,626770545430949888
131,Twitter for iPhone,Abra√ßo na fam√≠lia! https://t.co/4h74bkPSEW,,False,Sat Nov 14 21:15:38 +0000 2015,35,665639248679329792
236,Twitter for iPhone,ENSINO P√öBLICO / COL√âGIOS MILITARES / @cqc . http://t.co/CRQVCweEHJ,,False,Tue Jul 21 14:29:26 +0000 2015,155,623500034290642944
302,Twitter for iPhone,C/ @FlavioBolsonaro e @BolsonaroSP na Esplanada dos Minist√©rios celebrando o 31 de mar√ßo de 1964. http://t.co/1YZYbnliBj,,False,Tue Mar 31 17:19:54 +0000 2015,230,582955491111882752
215,Twitter for iPhone,TRIPLO ‚ÄúA‚Äù ‚Äì ANDES / AMAZ√îNIA / ATL√ÇNTICO: Gigantesco ‚Äúcorredor ecol√≥gico‚Äù √© nova amea√ßa √† soberania brasileira. http://t.co/KOl47FZc6k,,False,Thu Sep 17 18:08:21 +0000 2015,149,644573619604074497
412,Twitter for iPhone,P√ÅTRIA EDUCADORA - Brevemente atingiremos a igualdade propalada pelo PT: TODOS IGUAIS NA MIS√âRIA E NA IGNOR√ÇNCIA. https://t.co/wECsOLUCW1,,False,Tue Nov 17 19:32:40 +0000 2015,345,666700498754543616
104,Twitter for iPhone,NETFLIX: MAIS UMA CAL√öNIA. https://t.co/ClxYbIpki9,,False,Tue Sep 15 19:09:00 +0000 2015,45,643864109541425153
129,Twitter for iPhone,Se prepara que ser√° mais bacana do que imagina! https://t.co/VNfTTAYCju,,False,Sat Nov 14 20:22:39 +0000 2015,35,665625913690857472
339,Twitter Web Client,"BOLSONARO √Ä DILMA ROUSSEFF: ""SEU LUGAR √â NA POCILGA!"" #MaioridadePenal . https://t.co/9mODa0EFc3",,False,Wed Jul 01 20:03:44 +0000 2015,211,616336402830204928
327,Twitter for iPhone,LEGADO DO PT: o crime compensa em qualquer escala social. A mentira pode ser dita s/ a m√≠nima preocupa√ß√£o. http://t.co/wp0LqaxRU3,,False,Thu Sep 10 10:39:54 +0000 2015,317,641924049292148736
388,Twitter for iPhone,S√°tira bem bolada e realista: elite burguesa opressora x comunistas. http://t.co/ikhZOIygZJ,,False,Tue Jun 16 15:02:37 +0000 2015,400,610824808872452097
270,Twitter for iPhone,#MINHABANDEIRAN√ÉO√âVERMELHA . http://t.co/huC5IMpbUX,,False,Tue Mar 24 13:18:41 +0000 2015,188,580358070276096000
998,Twitter for iPhone,PSOL √â O PT DE CALCINHA SUJA. http://t.co/dM8sUJ9z0g,,False,Wed Sep 02 18:06:40 +0000 2015,484,639137377508818946
136,Twitter for iPhone,"Desfazendo picaretagens de pessoas que utilizam palavras ""bonitas"" para enganar inocentes. ISSO √â O PSOL: http://t.co/XIXOvEAAXJ",,False,Tue May 19 14:10:28 +0000 2015,90,600664824993964033
218,Twitter for iPhone,COM DISCIPLINA E AUTORIDADE A EDUCA√á√ÉO PODE SALVAR O BRASIL. https://t.co/kHIlgmtnPp,,False,Wed Dec 16 22:24:32 +0000 2015,80,677252999765434368
582,Twitter for iPhone,Tive o prazer de conviver bons momentos com o Deputado Federal  Doutor En√©as Ferreira Carneiro: http://t.co/bjTafSA0NC,,False,Thu Oct 15 17:56:24 +0000 2015,373,654717473200058368
148,Twitter for iPhone,Lista do PP na Lava Jato /  Sigla partid√°ria q ocupo / Meu Futuro Pol√≠tico. http://t.co/uvlr2MxcQR,,False,Sat Mar 07 18:36:43 +0000 2015,119,574277514148900866
147,Twitter for iPhone,"COMISS√ÉO DA VERDADE ESTADUAL/RJ: ""QUEM NASCE PARA OXI√öRO JAMAIS CHEGAR√Å A LOMBRIGA."" http://t.co/OLKnzEsCV1",,False,Tue Sep 15 15:52:53 +0000 2015,86,643814754411249664
139,Twitter for iPhone,Aos idiotas q descartam a ci√™ncia e chamam td d preconceito: Pa√≠ses da UE podem proibir homens gays d doar sangue. http://t.co/WN8gXqxKYh,,False,Thu Apr 30 13:49:35 +0000 2015,89,593774198079791104
200,Twitter for iPhone,Caracterizar o cometimento de crimes por desigualdade social √© uma ofensa √† maioria dos cidad√£os humildes do Brasil. PUNI√á√ÉO P/ CRIMINOSOS!,,False,Fri May 22 12:38:16 +0000 2015,161,601728784035905537
226,Twitter for iPhone,Bate papo com moradores de Balne√°rio Camboriu-SC e @BolsonaroSP . http://t.co/GRV9oUKZ99,,False,Sat Oct 17 13:31:45 +0000 2015,52,655375646760292352
81,Twitter Web Client,"Via @FlavioBolsonaro :""A hipocrisia de esquerda sobre desmilitariza√ß√£o, desarmamento e pacifismo"". http://t.co/abMZl20ec9",,False,Thu Apr 09 14:20:20 +0000 2015,62,586171791409831936
152,Twitter for iPhone,P√ÅTRIA EDUCADORA: brincadeira de estourar bola na bunda de meninas e livros impr√≥prios; veja: http://t.co/V1i4Dx0tKi http://t.co/Eyb2uM4I9n,,False,Mon May 11 20:21:14 +0000 2015,169,597859026106474500
462,Twitter for iPhone,No corrente ano o estado de PERNAMBUCO ser√° aquele que mais vai DECRESCER economicamente. Os motivos e causas: https://t.co/aI6EkaN4jq,,False,Sun Dec 27 18:33:48 +0000 2015,335,681181201063870465
157,Twitter for iPhone,Obrigado pelo carinho e confian√ßa! https://t.co/FeYxX0Qfp2,,False,Fri Oct 09 17:36:23 +0000 2015,69,652538108894965762
381,Twitter for iPhone,"O CERCO SE FECHANDO: A pedido do Presidente Cunha, reformulamos nossa fundamenta√ß√£o d pedido d IMPEACHMENT de Dilma. https://t.co/foL6z45Xl6",,False,Mon Jul 27 23:03:53 +0000 2015,288,625803827267153920
195,Twitter for iPhone,A farsa da empregabilidade do PT: alegam desemprego baixo e modificam seguro desemprego e outros direitos como ajustes fiscais necess√°rios!,,False,Thu May 07 10:57:05 +0000 2015,189,596267503841636352
1384,Twitter for iPhone,#impeachment #ForaDilma https://t.co/dAx6sNperC,,False,Wed Dec 02 21:43:17 +0000 2015,1021,672169187108876293
196,Twitter for iPhone,"NOVA COVARDIA DO PT COM OS PAIS E AS CRIAN√áAS NAS ESCOLAS. Vc, pai ou m√£e, concorda com isso? http://t.co/62TleNtSfm",,False,Fri Mar 20 21:47:37 +0000 2015,235,579036598555316225
180,Twitter for iPhone,"PADR√ÉO DE ""DEBATE"" DE ESQUERDISTA = UM MEMBRO DO PT X UM MEMBRO DO PSOL (no fim, todos v√£o dormir juntos). http://t.co/73vCf3W4QL",,False,Wed Aug 05 19:46:47 +0000 2015,142,629015713685073920
194,Twitter for iPhone,"@DepBolsonaro e @BolsonaroSP protocolam representa√ß√£o no MPF, contra professor, Mauro Iasi. https://t.co/QMXRCu0qNK (via @BlogDoPim )",jairbolsonaro,False,Thu Oct 22 12:07:52 +0000 2015,149,657166476454051840
167,Twitter for iPhone,Jovens interrompem entrevista de Bolsonaro em Blumenau para fazer a festa. https://t.co/65TEDhm0U2 (via @BlogDoPim ),,False,Wed Oct 21 11:52:03 +0000 2015,84,656800109485793280
273,Twitter for iPhone,PL5398/13- o condenado por estupro somente ter√° progress√£o de pena caso submeta-se √† castra√ß√£o qu√≠mica volunt√°ria.,,False,Thu Dec 10 14:45:42 +0000 2015,156,674963205102415872
856,Twitter for iPhone,PSC indica @BolsonaroSP e @marcofeliciano para Comiss√£o Especial do Impeachment. https://t.co/GqUlTQd2E3,,False,Tue Dec 08 09:37:04 +0000 2015,347,674160757370654720
630,Twitter for iPhone,FELIZ NATAL E UM PR√ìSPERO ANO NOVO!!! Ass: @BolsonaroSP @DepBolsonaro @FlavioBolsonaro e @CarlosBolsonaro https://t.co/zRAmbmHGzj,,False,Thu Dec 24 13:12:17 +0000 2015,163,680013126012661760
298,Twitter for iPhone,Segundo a enquete...acho que ganhei o debate! üòÇüòÇüòÇ... https://t.co/v5MQ82MFQz,,False,Sun Nov 08 22:24:04 +0000 2015,121,663482142689763332
211,Twitter Web Client,Agrade√ßo a @alex_borges pela considera√ß√£o em seu texto escrito ap√≥s ato em prol do impeachment realizado no RJ. https://t.co/f78isNczJ2,,False,Mon Dec 14 18:12:19 +0000 2015,60,676464749748617216
322,Twitter for iPhone,"No primeiro dia do ""OUTUBRO ROSA"" o Governo Dilma IMPEDE que as MULHERES POBRES realizem exames de MAMOGRAFIA. https://t.co/hsbNcbxfa3",,False,Fri Oct 23 17:29:11 +0000 2015,289,657609726625193984
202,Twitter for iPhone,Finalmente um jornalista de um jornal de grande circula√ß√£o coloca Bolsonaro como poss√≠vel presidenci√°vel. http://t.co/79alBe1bQN,,False,Thu May 21 18:50:52 +0000 2015,126,601460163258621952
367,Twitter for iPhone,"PRESS√ÉO NOS SENADORES Se aprovada a PEC q trata tb do VOTO IMPRESSO, a presid""e""nta √± tem poder d veto, por ser PEC. https://t.co/bR4oOzMXcz",,False,Mon Oct 12 11:51:29 +0000 2015,280,653538475820613632
164,Twitter for iPhone,Deputados preocupados c/ a sociedade ordeira defendem o fim da maioridade penal em caso de cometimento de crimes. http://t.co/APxt0LCfux,,False,Sat Mar 07 10:15:45 +0000 2015,136,574151441465614336
124,Twitter for iPhone,Medalhas Tiradentes e Pedro Ernesto a @benebarbosa_mvb . C/ @FlavioBolsonaro @CarlosBolsonaro e Dep. Filipe Soares: http://t.co/Z66UpeJeh9,,False,Mon Oct 05 18:06:19 +0000 2015,40,651096088934502400
253,Twitter for iPhone,H√° forte trabalho em Bras√≠lia para que as POL√çCIAS MILITARES cada vez mais sejam DESACREDITADAS E EXTINTAS. http://t.co/vkwPTiO5Vy,,False,Sat Oct 03 00:18:35 +0000 2015,192,650102611727785988
144,Twitter for iPhone,Agrade√ßo o carinho q tive ao palestrar na C√¢mara Municipal de Blumenau-SC. C/ @BolsonaroSP #ESTATUTODODESARMAMENTO http://t.co/Gfj7TAKtmq,,False,Mon Jun 22 18:34:11 +0000 2015,69,613052378128977920
239,Twitter for iPhone,"JOGO SUJO: Colunista do Globo lan√ßa cal√∫nia d q Bolsonaro teria como bandeira o ""NAZISMO"" e ""ATAQUE A NORDESTINOS"". http://t.co/jz6fwi7wmH",,False,Sun Jul 26 15:58:13 +0000 2015,168,625334313161244672
88,Twitter for iPhone,"Estamos no DF de ter√ßas √† quintas, no RJ √†s segundas e nos outros dias visitando diversos estados! Um abra√ßo! https://t.co/iSmBywNNn7",,False,Sat Nov 14 20:56:28 +0000 2015,13,665634424248254466
275,Twitter for iPhone,Parab√©ns aos jovens cadetes da Academia Militar das Agulhas Negras pelo recebimento de seus espadins. http://t.co/YI5BaiSZ0q,,False,Sat Aug 22 17:43:08 +0000 2015,57,635145188818747392
415,Twitter for iPhone,"PREJU√çZO COM CORRUP√á√ÉO NA LAVA-JATO (R$42 bi) / CORTE MINIST√âRIO DA DEFESA (R$4,4 bi). Esse √© o Brasil do PT. https://t.co/isZQBKcZjA",,False,Mon Dec 21 15:34:21 +0000 2015,335,678961713530695680
364,Twitter for iPhone,"A ""CRISE MUNDIAL"" DO PT: nos √∫ltimos 5 anos o mundo cresceu cerca d 18%, os emergentes, fora o Brasil, 28%; e o Brasil, 5,3%. -@JornalOGlobo",,False,Wed Dec 30 08:48:32 +0000 2015,292,682121077309452288
294,Twitter for iPhone,4 MINUTOS: DIREITOS HUMANOS LEVAM PAU DE BOLSONARO EM COMISS√ÉO NA C√ÇMARA DOS DEPUTADOS. https://t.co/dPCUhkkrqY (via @FlavioBolsonaro ),,False,Sat Sep 19 11:44:39 +0000 2015,189,645201836639698944
391,Twitter for iPhone,Agrade√ßo a garotada pelos desenhos que t√™m feito e chegado a meu conhecimento. Muito obrigado! https://t.co/eu2fTzqiXU,,False,Tue Dec 01 15:56:21 +0000 2015,82,671719490393137152
185,Twitter for iPhone,"Inscreva-se no canal ""Jair Bolsonaro"" no YOUTUBE e tenha acesso ao hist√≥rico de v√≠deos e discursos do deputado! http://t.co/XlJO3kddcE",,False,Sat Jul 11 22:58:31 +0000 2015,72,620004269467529216
281,Twitter for iPhone,"EDUCA√á√ÉO PAULO FREIRE POR @CarlosBolsonaro : Hj, escolas s√£o m√°quinas d produzir analfabetos e militantes pol√≠ticos: https://t.co/8ufACqd9Of",,False,Mon Dec 21 18:46:56 +0000 2015,162,679010177727729664
188,Twitter Web Client,"UMA AVENTURA REAL QUE ME ENCHE DE ORGULHO E ESPERAN√áA!
OS VERDADEIROS MENORES DO BRASIL! https://t.co/o9qgc0HzDM",,False,Wed Nov 25 19:59:59 +0000 2015,58,669606475761885184
